ISO-10303-21;
HEADER;
FILE_DESCRIPTION (( 'STEP AP203' ),
    '1' );
FILE_NAME ('Fingergripper.STEP',
    '2019-05-23T12:11:14',
    ( '' ),
    ( '' ),
    'SwSTEP 2.0',
    'SolidWorks 2018',
    '' );
FILE_SCHEMA (( 'CONFIG_CONTROL_DESIGN' ));
ENDSEC;

DATA;
#1 = CARTESIAN_POINT ( 'NONE',  ( 23.19018268626030732, -2.427226307507445737E-18, 5.000000000000000000 ) ) ;
#2 = DIRECTION ( 'NONE',  ( 0.1552378339921336170, -0.9878771254044860228, 0.0000000000000000000 ) ) ;
#3 = EDGE_CURVE ( 'NONE', #2898, #2727, #483, .T. ) ;
#4 = ORIENTED_EDGE ( 'NONE', *, *, #1520, .F. ) ;
#5 = CARTESIAN_POINT ( 'NONE',  ( 21.23428571428576106, 12.44661709438345731, 5.000000000000000000 ) ) ;
#6 = ORIENTED_EDGE ( 'NONE', *, *, #303, .F. ) ;
#7 = CARTESIAN_POINT ( 'NONE',  ( -13.00000000000000178, 64.84661709438347543, 0.0000000000000000000 ) ) ;
#8 = AXIS2_PLACEMENT_3D ( 'NONE', #2085, #643, #1600 ) ;
#9 = AXIS2_PLACEMENT_3D ( 'NONE', #1052, #2747, #712 ) ;
#10 = ORIENTED_EDGE ( 'NONE', *, *, #1263, .F. ) ;
#11 = PERSON_AND_ORGANIZATION_ROLE ( 'design_owner' ) ;
#12 = CIRCLE ( 'NONE', #1201, 0.5000000000000004441 ) ;
#13 = CARTESIAN_POINT ( 'NONE',  ( 23.19018268626030732, -2.427226307507445737E-18, 5.000000000000000000 ) ) ;
#14 = EDGE_LOOP ( 'NONE', ( #394, #2072, #2614, #822 ) ) ;
#15 = CARTESIAN_POINT ( 'NONE',  ( 9.757630380802554626, -47.97130431824797370, 5.000000000000000000 ) ) ;
#16 = VECTOR ( 'NONE', #453, 1000.000000000000000 ) ;
#17 = CARTESIAN_POINT ( 'NONE',  ( 24.00000000000000000, -1.199999999999999956, 5.000000000000000000 ) ) ;
#18 = ADVANCED_FACE ( 'NONE', ( #2432 ), #1588, .F. ) ;
#19 = EDGE_CURVE ( 'NONE', #809, #1274, #77, .T. ) ;
#20 = CARTESIAN_POINT ( 'NONE',  ( 13.49393856270224568, 66.85675460098573808, 5.000000000000000000 ) ) ;
#21 = ORIENTED_EDGE ( 'NONE', *, *, #2998, .F. ) ;
#22 = VECTOR ( 'NONE', #1554, 1000.000000000000000 ) ;
#23 = EDGE_LOOP ( 'NONE', ( #2264, #654, #355, #274 ) ) ;
#24 = LINE ( 'NONE', #2019, #2417 ) ;
#25 = ORGANIZATION ( 'UNSPECIFIED', 'UNSPECIFIED', '' ) ;
#26 = CARTESIAN_POINT ( 'NONE',  ( -23.19018268626025048, -2.495874921891080997E-15, 0.0000000000000000000 ) ) ;
#27 = ORIENTED_EDGE ( 'NONE', *, *, #2023, .T. ) ;
#28 = ADVANCED_FACE ( 'NONE', ( #1226 ), #2760, .T. ) ;
#29 = ORIENTED_EDGE ( 'NONE', *, *, #1877, .T. ) ;
#30 = CYLINDRICAL_SURFACE ( 'NONE', #881, 3.000000000000000000 ) ;
#31 = DIRECTION ( 'NONE',  ( 1.000000000000000000, 0.0000000000000000000, 0.0000000000000000000 ) ) ;
#32 = ORIENTED_EDGE ( 'NONE', *, *, #126, .T. ) ;
#33 = ORIENTED_EDGE ( 'NONE', *, *, #692, .F. ) ;
#34 = AXIS2_PLACEMENT_3D ( 'NONE', #2462, #1287, #2695 ) ;
#35 = DIRECTION ( 'NONE',  ( -0.1552378339921333950, -0.9878771254044861339, -0.0000000000000000000 ) ) ;
#36 = CIRCLE ( 'NONE', #2845, 2.999999999999999112 ) ;
#37 = ORIENTED_EDGE ( 'NONE', *, *, #285, .F. ) ;
#38 = FACE_OUTER_BOUND ( 'NONE', #1986, .T. ) ;
#39 = CARTESIAN_POINT ( 'NONE',  ( -16.51999999999999602, 42.44661709438346264, 0.0000000000000000000 ) ) ;
#40 = CARTESIAN_POINT ( 'NONE',  ( 0.0000000000000000000, -14.38233764908628309, 0.0000000000000000000 ) ) ;
#41 = FACE_OUTER_BOUND ( 'NONE', #1970, .T. ) ;
#42 = DIRECTION ( 'NONE',  ( 1.000000000000000000, 0.0000000000000000000, 0.0000000000000000000 ) ) ;
#43 = VERTEX_POINT ( 'NONE', #2569 ) ;
#44 = CARTESIAN_POINT ( 'NONE',  ( -7.908571428571426587, 32.44661709438346264, 0.0000000000000000000 ) ) ;
#45 = ORIENTED_EDGE ( 'NONE', *, *, #973, .T. ) ;
#46 = CARTESIAN_POINT ( 'NONE',  ( 9.611509172931224754, -41.58548811414295443, 0.0000000000000000000 ) ) ;
#47 = EDGE_LOOP ( 'NONE', ( #1741, #265, #75, #523 ) ) ;
#48 = DIRECTION ( 'NONE',  ( 0.0000000000000000000, 0.0000000000000000000, 1.000000000000000000 ) ) ;
#49 = EDGE_CURVE ( 'NONE', #2518, #1309, #335, .T. ) ;
#50 = DIRECTION ( 'NONE',  ( 0.0000000000000000000, 0.0000000000000000000, 1.000000000000000000 ) ) ;
#51 = EDGE_LOOP ( 'NONE', ( #1051, #457, #2586, #2454 ) ) ;
#52 = DIRECTION ( 'NONE',  ( -1.000000000000000000, 0.0000000000000000000, 0.0000000000000000000 ) ) ;
#53 = VERTEX_POINT ( 'NONE', #2359 ) ;
#54 = VECTOR ( 'NONE', #369, 1000.000000000000000 ) ;
#55 = VECTOR ( 'NONE', #212, 1000.000000000000000 ) ;
#56 = EDGE_CURVE ( 'NONE', #1019, #711, #1768, .T. ) ;
#57 = DIRECTION ( 'NONE',  ( 1.000000000000000000, 0.0000000000000000000, 0.0000000000000000000 ) ) ;
#58 = CARTESIAN_POINT ( 'NONE',  ( 11.11428571428571566, 52.84661709438346833, 0.0000000000000000000 ) ) ;
#59 = CARTESIAN_POINT ( 'NONE',  ( -9.542857142857139152, 42.84661709438345412, 0.0000000000000000000 ) ) ;
#60 = LINE ( 'NONE', #1731, #912 ) ;
#61 = COORDINATED_UNIVERSAL_TIME_OFFSET ( 1, 0, .AHEAD. ) ;
#62 = VECTOR ( 'NONE', #1605, 1000.000000000000000 ) ;
#63 = ORIENTED_EDGE ( 'NONE', *, *, #2066, .F. ) ;
#64 = AXIS2_PLACEMENT_3D ( 'NONE', #40, #1259, #2182 ) ;
#65 = VERTEX_POINT ( 'NONE', #3047 ) ;
#66 = DIRECTION ( 'NONE',  ( -1.000000000000000000, 0.0000000000000000000, 0.0000000000000000000 ) ) ;
#67 = DIRECTION ( 'NONE',  ( 0.0000000000000000000, 0.0000000000000000000, -1.000000000000000000 ) ) ;
#68 = DIRECTION ( 'NONE',  ( 0.9878771254044861339, -0.1552378339921335892, 0.0000000000000000000 ) ) ;
#69 = AXIS2_PLACEMENT_3D ( 'NONE', #2067, #1598, #3015 ) ;
#70 = CARTESIAN_POINT ( 'NONE',  ( 21.23428571428576106, 12.44661709438345731, 0.0000000000000000000 ) ) ;
#71 = LINE ( 'NONE', #2358, #367 ) ;
#72 = ORIENTED_EDGE ( 'NONE', *, *, #56, .F. ) ;
#73 = AXIS2_PLACEMENT_3D ( 'NONE', #1628, #1152, #1878 ) ;
#74 = PLANE ( 'NONE',  #1359 ) ;
#75 = ORIENTED_EDGE ( 'NONE', *, *, #1654, .F. ) ;
#76 = VECTOR ( 'NONE', #1010, 1000.000000000000227 ) ;
#77 = LINE ( 'NONE', #647, #966 ) ;
#78 = CARTESIAN_POINT ( 'NONE',  ( 19.66285714285713837, 22.44661709438346264, 5.000000000000000000 ) ) ;
#79 = CARTESIAN_POINT ( 'NONE',  ( 0.0000000000000000000, -14.38233764908628309, 0.0000000000000000000 ) ) ;
#80 = ORIENTED_EDGE ( 'NONE', *, *, #1812, .F. ) ;
#81 = DIRECTION ( 'NONE',  ( 1.000000000000000000, 0.0000000000000000000, 0.0000000000000000000 ) ) ;
#82 = EDGE_CURVE ( 'NONE', #832, #2613, #188, .T. ) ;
#83 = EDGE_LOOP ( 'NONE', ( #37, #404, #1195, #1561 ) ) ;
#84 = DIRECTION ( 'NONE',  ( 1.000000000000000000, 0.0000000000000000000, 0.0000000000000000000 ) ) ;
#85 = EDGE_CURVE ( 'NONE', #1821, #198, #513, .T. ) ;
#86 = VERTEX_POINT ( 'NONE', #1911 ) ;
#87 = ORIENTED_EDGE ( 'NONE', *, *, #1448, .F. ) ;
#88 = VECTOR ( 'NONE', #799, 1000.000000000000000 ) ;
#89 = DIRECTION ( 'NONE',  ( 1.000000000000000000, 0.0000000000000000000, 0.0000000000000000000 ) ) ;
#90 = DIRECTION ( 'NONE',  ( -0.0000000000000000000, 0.0000000000000000000, 1.000000000000000000 ) ) ;
#91 = AXIS2_PLACEMENT_3D ( 'NONE', #2731, #418, #865 ) ;
#92 = PLANE ( 'NONE',  #1184 ) ;
#93 = VERTEX_POINT ( 'NONE', #232 ) ;
#94 = FACE_OUTER_BOUND ( 'NONE', #1629, .T. ) ;
#95 = DIRECTION ( 'NONE',  ( 0.0000000000000000000, 0.0000000000000000000, 1.000000000000000000 ) ) ;
#96 = CARTESIAN_POINT ( 'NONE',  ( 5.510910596163089556E-15, -45.00000000000000000, 5.000000000000000000 ) ) ;
#97 = FACE_BOUND ( 'NONE', #2593, .T. ) ;
#98 = EDGE_CURVE ( 'NONE', #153, #1216, #2978, .T. ) ;
#99 = DIRECTION ( 'NONE',  ( -0.0000000000000000000, -0.0000000000000000000, 1.000000000000000000 ) ) ;
#100 = ADVANCED_FACE ( 'NONE', ( #263 ), #714, .T. ) ;
#101 = VECTOR ( 'NONE', #214, 1000.000000000000000 ) ;
#102 = DIRECTION ( 'NONE',  ( -0.0000000000000000000, -0.0000000000000000000, 1.000000000000000000 ) ) ;
#103 = VERTEX_POINT ( 'NONE', #2146 ) ;
#104 = CARTESIAN_POINT ( 'NONE',  ( 5.510910596163089556E-15, -45.00000000000000000, 5.000000000000000000 ) ) ;
#105 = LINE ( 'NONE', #1055, #1906 ) ;
#106 = DIRECTION ( 'NONE',  ( 0.0000000000000000000, 0.0000000000000000000, -1.000000000000000000 ) ) ;
#107 = ORIENTED_EDGE ( 'NONE', *, *, #2164, .F. ) ;
#108 = EDGE_LOOP ( 'NONE', ( #706, #45, #2003, #2187 ) ) ;
#109 = VECTOR ( 'NONE', #1239, 1000.000000000000000 ) ;
#110 = ORIENTED_EDGE ( 'NONE', *, *, #2283, .T. ) ;
#111 = EDGE_CURVE ( 'NONE', #633, #866, #2508, .T. ) ;
#112 = ORIENTED_EDGE ( 'NONE', *, *, #2261, .F. ) ;
#113 = CYLINDRICAL_SURFACE ( 'NONE', #1683, 3.000000000000000000 ) ;
#114 = CARTESIAN_POINT ( 'NONE',  ( 7.908571428571396389, 32.44661709438347685, 0.0000000000000000000 ) ) ;
#115 = CC_DESIGN_DATE_AND_TIME_ASSIGNMENT ( #1087, #2153, ( #2332 ) ) ;
#116 = DIRECTION ( 'NONE',  ( 1.000000000000000000, 0.0000000000000000000, 0.0000000000000000000 ) ) ;
#117 = FACE_OUTER_BOUND ( 'NONE', #83, .T. ) ;
#118 = AXIS2_PLACEMENT_3D ( 'NONE', #1296, #588, #828 ) ;
#119 = CARTESIAN_POINT ( 'NONE',  ( -23.99999999999999289, 0.0000000000000000000, 5.000000000000000000 ) ) ;
#120 = ADVANCED_FACE ( 'NONE', ( #41 ), #1630, .F. ) ;
#121 = ORIENTED_EDGE ( 'NONE', *, *, #111, .T. ) ;
#122 = ORIENTED_EDGE ( 'NONE', *, *, #339, .F. ) ;
#123 = ORIENTED_EDGE ( 'NONE', *, *, #2197, .T. ) ;
#124 = ORIENTED_EDGE ( 'NONE', *, *, #2679, .F. ) ;
#125 = DIRECTION ( 'NONE',  ( -0.0000000000000000000, 0.0000000000000000000, 1.000000000000000000 ) ) ;
#126 = EDGE_CURVE ( 'NONE', #897, #1311, #557, .T. ) ;
#127 = EDGE_CURVE ( 'NONE', #2745, #2718, #1373, .T. ) ;
#128 = ORIENTED_EDGE ( 'NONE', *, *, #127, .T. ) ;
#129 = CIRCLE ( 'NONE', #789, 0.7500000000000006661 ) ;
#130 = CARTESIAN_POINT ( 'NONE',  ( 4.828571428571388324, 12.84661709438347010, 5.000000000000000000 ) ) ;
#131 = LINE ( 'NONE', #2840, #2487 ) ;
#132 = DIRECTION ( 'NONE',  ( 1.000000000000000000, 0.0000000000000000000, 0.0000000000000000000 ) ) ;
#133 = CARTESIAN_POINT ( 'NONE',  ( 0.0000000000000000000, -14.38233764908628309, 0.0000000000000000000 ) ) ;
#134 = DIRECTION ( 'NONE',  ( 1.000000000000000000, 0.0000000000000000000, 0.0000000000000000000 ) ) ;
#135 = CARTESIAN_POINT ( 'NONE',  ( -23.06446840054596592, 0.7999999999999974909, 5.000000000000000000 ) ) ;
#136 = VECTOR ( 'NONE', #2900, 1000.000000000000000 ) ;
#137 = LINE ( 'NONE', #1829, #1789 ) ;
#138 = ORIENTED_EDGE ( 'NONE', *, *, #733, .F. ) ;
#139 = EDGE_CURVE ( 'NONE', #2782, #153, #2904, .T. ) ;
#140 = CARTESIAN_POINT ( 'NONE',  ( -9.542857142857140929, 42.84661709438346122, 5.000000000000000000 ) ) ;
#141 = CARTESIAN_POINT ( 'NONE',  ( 9.000000000000000000, -14.38233764908628309, 0.0000000000000000000 ) ) ;
#142 = LINE ( 'NONE', #39, #2064 ) ;
#143 = ORIENTED_EDGE ( 'NONE', *, *, #960, .T. ) ;
#144 = CARTESIAN_POINT ( 'NONE',  ( 6.399999999999996803, 22.84661709438346477, 0.0000000000000000000 ) ) ;
#145 = VECTOR ( 'NONE', #1074, 999.9999999999998863 ) ;
#146 = ORIENTED_EDGE ( 'NONE', *, *, #1464, .F. ) ;
#147 = ADVANCED_FACE ( 'NONE', ( #2936 ), #945, .F. ) ;
#148 = ORIENTED_EDGE ( 'NONE', *, *, #1725, .T. ) ;
#149 = CIRCLE ( 'NONE', #1114, 3.000000000000000000 ) ;
#150 = EDGE_CURVE ( 'NONE', #2985, #2821, #1337, .T. ) ;
#151 = DIRECTION ( 'NONE',  ( 0.0000000000000000000, 0.0000000000000000000, 1.000000000000000000 ) ) ;
#152 = VECTOR ( 'NONE', #2633, 999.9999999999998863 ) ;
#153 = VERTEX_POINT ( 'NONE', #744 ) ;
#154 = DIRECTION ( 'NONE',  ( 0.0000000000000000000, 0.0000000000000000000, 1.000000000000000000 ) ) ;
#155 = ORIENTED_EDGE ( 'NONE', *, *, #3021, .T. ) ;
#156 = EDGE_CURVE ( 'NONE', #2604, #2056, #1517, .T. ) ;
#157 = EDGE_LOOP ( 'NONE', ( #378, #447, #2621, #568 ) ) ;
#158 = CARTESIAN_POINT ( 'NONE',  ( 0.6000000000000000888, -1.199999999999999956, 0.0000000000000000000 ) ) ;
#159 = ADVANCED_FACE ( 'NONE', ( #745 ), #1667, .F. ) ;
#160 = DIRECTION ( 'NONE',  ( 1.000000000000000000, -0.0000000000000000000, -0.0000000000000000000 ) ) ;
#161 = EDGE_LOOP ( 'NONE', ( #1459, #2238, #2532, #620 ) ) ;
#162 = CIRCLE ( 'NONE', #251, 10.19999999999999751 ) ;
#163 = CARTESIAN_POINT ( 'NONE',  ( 11.11428571428571566, 52.84661709438346833, 0.0000000000000000000 ) ) ;
#164 = CARTESIAN_POINT ( 'NONE',  ( 21.90932847383360382, -1.199999999999999956, 0.0000000000000000000 ) ) ;
#165 = VERTEX_POINT ( 'NONE', #15 ) ;
#166 = VECTOR ( 'NONE', #2371, 1000.000000000000000 ) ;
#167 = EDGE_CURVE ( 'NONE', #153, #2559, #2147, .T. ) ;
#168 = CARTESIAN_POINT ( 'NONE',  ( 0.0000000000000000000, 0.0000000000000000000, 0.0000000000000000000 ) ) ;
#169 = CIRCLE ( 'NONE', #1339, 2.399999999999999911 ) ;
#170 = AXIS2_PLACEMENT_3D ( 'NONE', #670, #2305, #1141 ) ;
#171 = FACE_OUTER_BOUND ( 'NONE', #2170, .T. ) ;
#172 = DIRECTION ( 'NONE',  ( 0.0000000000000000000, 0.0000000000000000000, 1.000000000000000000 ) ) ;
#173 = LINE ( 'NONE', #2719, #1641 ) ;
#174 = ORIENTED_EDGE ( 'NONE', *, *, #2081, .F. ) ;
#175 = CARTESIAN_POINT ( 'NONE',  ( 16.51999999999999602, 42.44661709438346264, 0.0000000000000000000 ) ) ;
#176 = ADVANCED_FACE ( 'NONE', ( #2281 ), #1472, .T. ) ;
#177 = FACE_OUTER_BOUND ( 'NONE', #1469, .T. ) ;
#178 = ORIENTED_EDGE ( 'NONE', *, *, #2877, .F. ) ;
#179 = DIRECTION ( 'NONE',  ( 0.0000000000000000000, 0.0000000000000000000, -1.000000000000000000 ) ) ;
#180 = ORIENTED_EDGE ( 'NONE', *, *, #1414, .T. ) ;
#181 = ORIENTED_EDGE ( 'NONE', *, *, #1623, .T. ) ;
#182 = EDGE_CURVE ( 'NONE', #1375, #1510, #1302, .T. ) ;
#183 = LINE ( 'NONE', #532, #1407 ) ;
#184 = DIRECTION ( 'NONE',  ( -0.0000000000000000000, 0.0000000000000000000, -1.000000000000000000 ) ) ;
#185 = ORIENTED_EDGE ( 'NONE', *, *, #2839, .F. ) ;
#186 = CIRCLE ( 'NONE', #2271, 3.000000000000000000 ) ;
#187 = CARTESIAN_POINT ( 'NONE',  ( -13.00000000000000178, 64.84661709438347543, 5.000000000000000000 ) ) ;
#188 = LINE ( 'NONE', #472, #669 ) ;
#189 = DIRECTION ( 'NONE',  ( 1.000000000000000000, 0.0000000000000000000, 0.0000000000000000000 ) ) ;
#190 = DIRECTION ( 'NONE',  ( 0.0000000000000000000, -0.0000000000000000000, -1.000000000000000000 ) ) ;
#191 = ORIENTED_EDGE ( 'NONE', *, *, #268, .T. ) ;
#192 = CARTESIAN_POINT ( 'NONE',  ( -13.00000000000000178, 64.84661709438347543, 5.000000000000000000 ) ) ;
#193 = ORIENTED_EDGE ( 'NONE', *, *, #1675, .T. ) ;
#194 = DIRECTION ( 'NONE',  ( -1.000000000000000000, 1.003559035689062169E-15, 0.0000000000000000000 ) ) ;
#195 = ORIENTED_EDGE ( 'NONE', *, *, #614, .T. ) ;
#196 = VERTEX_POINT ( 'NONE', #551 ) ;
#197 = DIRECTION ( 'NONE',  ( 1.000000000000000000, -0.0000000000000000000, -0.0000000000000000000 ) ) ;
#198 = VERTEX_POINT ( 'NONE', #2657 ) ;
#199 = CARTESIAN_POINT ( 'NONE',  ( -16.45714285714285552, 42.84661709438346833, 5.000000000000000000 ) ) ;
#200 = CYLINDRICAL_SURFACE ( 'NONE', #1416, 2.999999999999999112 ) ;
#201 = CARTESIAN_POINT ( 'NONE',  ( 5.510910596163089556E-15, -45.00000000000000000, 0.0000000000000000000 ) ) ;
#202 = CARTESIAN_POINT ( 'NONE',  ( 21.25389369774949344, -3.352418466353504822, 0.0000000000000000000 ) ) ;
#203 = ADVANCED_FACE ( 'NONE', ( #2392 ), #1241, .T. ) ;
#204 = EDGE_CURVE ( 'NONE', #548, #2318, #1689, .T. ) ;
#205 = CARTESIAN_POINT ( 'NONE',  ( -23.99999999999999289, -1.199999999999999956, 0.0000000000000000000 ) ) ;
#206 = VECTOR ( 'NONE', #35, 1000.000000000000114 ) ;
#207 = PLANE ( 'NONE',  #641 ) ;
#208 = LINE ( 'NONE', #1818, #1288 ) ;
#209 = CARTESIAN_POINT ( 'NONE',  ( -23.19018268626025048, -2.495874921891080997E-15, 5.000000000000000000 ) ) ;
#210 = ORIENTED_EDGE ( 'NONE', *, *, #3032, .T. ) ;
#211 = EDGE_CURVE ( 'NONE', #2952, #3018, #1031, .T. ) ;
#212 = DIRECTION ( 'NONE',  ( 1.000000000000000000, 0.0000000000000000000, 0.0000000000000000000 ) ) ;
#213 = LINE ( 'NONE', #1470, #1058 ) ;
#214 = DIRECTION ( 'NONE',  ( 0.0000000000000000000, 0.0000000000000000000, -1.000000000000000000 ) ) ;
#215 = VECTOR ( 'NONE', #2118, 1000.000000000000000 ) ;
#216 = ORIENTED_EDGE ( 'NONE', *, *, #1725, .F. ) ;
#217 = DIRECTION ( 'NONE',  ( 1.000000000000000000, 0.0000000000000000000, 0.0000000000000000000 ) ) ;
#218 = ORIENTED_EDGE ( 'NONE', *, *, #2011, .T. ) ;
#219 = ADVANCED_FACE ( 'NONE', ( #1804 ), #2071, .F. ) ;
#220 = VECTOR ( 'NONE', #772, 1000.000000000000000 ) ;
#221 = DIRECTION ( 'NONE',  ( -0.9878771254044861339, -0.1552378339921337280, 0.0000000000000000000 ) ) ;
#222 = CARTESIAN_POINT ( 'NONE',  ( -23.99999999999999289, -1.199999999999999956, 5.000000000000000000 ) ) ;
#223 = ORIENTED_EDGE ( 'NONE', *, *, #602, .T. ) ;
#224 = DIRECTION ( 'NONE',  ( -0.0000000000000000000, -0.0000000000000000000, 1.000000000000000000 ) ) ;
#225 = ORIENTED_EDGE ( 'NONE', *, *, #1230, .F. ) ;
#226 = DIRECTION ( 'NONE',  ( 0.0000000000000000000, 0.0000000000000000000, -1.000000000000000000 ) ) ;
#227 = AXIS2_PLACEMENT_3D ( 'NONE', #2971, #151, #1774 ) ;
#228 = ORIENTED_EDGE ( 'NONE', *, *, #237, .T. ) ;
#229 = AXIS2_PLACEMENT_3D ( 'NONE', #133, #2951, #116 ) ;
#230 = ORIENTED_EDGE ( 'NONE', *, *, #1695, .T. ) ;
#231 = DIRECTION ( 'NONE',  ( 0.0000000000000000000, -0.0000000000000000000, -1.000000000000000000 ) ) ;
#232 = CARTESIAN_POINT ( 'NONE',  ( -3.599999999999999201, -1.199999999999999956, 0.0000000000000000000 ) ) ;
#233 = DIRECTION ( 'NONE',  ( -0.1552378339921337003, 0.9878771254044860228, 0.0000000000000000000 ) ) ;
#234 = ORIENTED_EDGE ( 'NONE', *, *, #1783, .F. ) ;
#235 = CIRCLE ( 'NONE', #2295, 0.7500000000000006661 ) ;
#236 = ADVANCED_FACE ( 'NONE', ( #2831 ), #295, .F. ) ;
#237 = EDGE_CURVE ( 'NONE', #1972, #604, #1266, .T. ) ;
#238 = DIRECTION ( 'NONE',  ( 1.000000000000000000, 0.0000000000000000000, 0.0000000000000000000 ) ) ;
#239 = ORIENTED_EDGE ( 'NONE', *, *, #638, .T. ) ;
#240 = FACE_OUTER_BOUND ( 'NONE', #2286, .T. ) ;
#241 = EDGE_CURVE ( 'NONE', #2850, #2743, #2317, .T. ) ;
#242 = DIRECTION ( 'NONE',  ( -1.000000000000000000, 0.0000000000000000000, 0.0000000000000000000 ) ) ;
#243 = CARTESIAN_POINT ( 'NONE',  ( -18.09142857142856897, 32.44661709438346264, 0.0000000000000000000 ) ) ;
#244 = DIRECTION ( 'NONE',  ( -1.000000000000000000, 0.0000000000000000000, 0.0000000000000000000 ) ) ;
#245 = LINE ( 'NONE', #2372, #2780 ) ;
#246 = CARTESIAN_POINT ( 'NONE',  ( 3.599999999999999201, -1.199999999999999956, 0.0000000000000000000 ) ) ;
#247 = CC_DESIGN_SECURITY_CLASSIFICATION ( #766, ( #2124 ) ) ;
#248 = FACE_OUTER_BOUND ( 'NONE', #2767, .T. ) ;
#249 = FACE_BOUND ( 'NONE', #2210, .T. ) ;
#250 = ORIENTED_EDGE ( 'NONE', *, *, #1263, .T. ) ;
#251 = AXIS2_PLACEMENT_3D ( 'NONE', #1932, #50, #81 ) ;
#252 = CARTESIAN_POINT ( 'NONE',  ( 14.94857142857142485, 52.44661709438346975, 5.000000000000000000 ) ) ;
#253 = ORIENTED_EDGE ( 'NONE', *, *, #2665, .T. ) ;
#254 = EDGE_LOOP ( 'NONE', ( #2748, #178, #302, #1447 ) ) ;
#255 = ORIENTED_EDGE ( 'NONE', *, *, #1654, .T. ) ;
#256 = DIRECTION ( 'NONE',  ( -0.1552378339921337003, 0.9878771254044860228, 0.0000000000000000000 ) ) ;
#257 = LINE ( 'NONE', #2130, #1438 ) ;
#258 = ORIENTED_EDGE ( 'NONE', *, *, #2022, .F. ) ;
#259 = CARTESIAN_POINT ( 'NONE',  ( 24.00000000000000000, 1.383787393197646916E-15, 5.000000000000000000 ) ) ;
#260 = EDGE_CURVE ( 'NONE', #1358, #956, #2582, .T. ) ;
#261 = ORIENTED_EDGE ( 'NONE', *, *, #182, .F. ) ;
#262 = VECTOR ( 'NONE', #1545, 1000.000000000000000 ) ;
#263 = FACE_OUTER_BOUND ( 'NONE', #988, .T. ) ;
#264 = PERSON_AND_ORGANIZATION_ROLE ( 'design_supplier' ) ;
#265 = ORIENTED_EDGE ( 'NONE', *, *, #1088, .T. ) ;
#266 = CARTESIAN_POINT ( 'NONE',  ( 22.35221977631104906, -1.805266300226465281, 0.0000000000000000000 ) ) ;
#267 = CARTESIAN_POINT ( 'NONE',  ( 21.17142857142857082, 12.84661709438346477, 0.0000000000000000000 ) ) ;
#268 = EDGE_CURVE ( 'NONE', #478, #1019, #781, .T. ) ;
#269 = PLANE ( 'NONE',  #967 ) ;
#270 = ORIENTED_EDGE ( 'NONE', *, *, #1025, .F. ) ;
#271 = CARTESIAN_POINT ( 'NONE',  ( 13.00000000000000533, 64.84661709438364596, 5.000000000000000000 ) ) ;
#272 = CC_DESIGN_PERSON_AND_ORGANIZATION_ASSIGNMENT ( #1937, #2344, ( #766 ) ) ;
#273 = AXIS2_PLACEMENT_3D ( 'NONE', #315, #510, #1711 ) ;
#274 = ORIENTED_EDGE ( 'NONE', *, *, #555, .T. ) ;
#275 = CARTESIAN_POINT ( 'NONE',  ( -9.000000000000000000, -14.38233764908628132, 0.0000000000000000000 ) ) ;
#276 = ORIENTED_EDGE ( 'NONE', *, *, #526, .T. ) ;
#277 = CIRCLE ( 'NONE', #1925, 3.000000000000000000 ) ;
#278 = CARTESIAN_POINT ( 'NONE',  ( -23.99999999999999289, -1.199999999999999956, 0.0000000000000000000 ) ) ;
#279 = ORIENTED_EDGE ( 'NONE', *, *, #1949, .F. ) ;
#280 = CARTESIAN_POINT ( 'NONE',  ( 13.00000000000000711, 66.77913568398967925, 5.000000000000000000 ) ) ;
#281 = ADVANCED_FACE ( 'NONE', ( #117 ), #2411, .T. ) ;
#282 = LINE ( 'NONE', #2446, #1389 ) ;
#283 = PERSON_AND_ORGANIZATION ( #2405, #25 ) ;
#284 = EDGE_CURVE ( 'NONE', #1813, #1477, #1879, .T. ) ;
#285 = EDGE_CURVE ( 'NONE', #86, #2571, #3054, .T. ) ;
#286 = DIRECTION ( 'NONE',  ( 0.0000000000000000000, 1.000000000000000000, -0.0000000000000000000 ) ) ;
#287 = DIRECTION ( 'NONE',  ( 1.000000000000000000, 1.780507966545111273E-15, 0.0000000000000000000 ) ) ;
#288 = VERTEX_POINT ( 'NONE', #1484 ) ;
#289 = VERTEX_POINT ( 'NONE', #1454 ) ;
#290 = AXIS2_PLACEMENT_3D ( 'NONE', #2984, #172, #1796 ) ;
#291 = DIRECTION ( 'NONE',  ( -0.1552378339921336448, 0.9878771254044861339, -0.0000000000000000000 ) ) ;
#292 = LINE ( 'NONE', #969, #1471 ) ;
#293 = LINE ( 'NONE', #370, #145 ) ;
#294 = CARTESIAN_POINT ( 'NONE',  ( 21.17142857142857082, 12.84661709438346477, 0.0000000000000000000 ) ) ;
#295 = PLANE ( 'NONE',  #2551 ) ;
#296 = EDGE_LOOP ( 'NONE', ( #952, #1022, #1590, #2459 ) ) ;
#297 = LINE ( 'NONE', #671, #818 ) ;
#298 = EDGE_CURVE ( 'NONE', #1007, #537, #186, .T. ) ;
#299 = ORIENTED_EDGE ( 'NONE', *, *, #2816, .T. ) ;
#300 = ORIENTED_EDGE ( 'NONE', *, *, #1369, .T. ) ;
#301 = DIRECTION ( 'NONE',  ( -0.0000000000000000000, -0.0000000000000000000, 1.000000000000000000 ) ) ;
#302 = ORIENTED_EDGE ( 'NONE', *, *, #1957, .F. ) ;
#303 = EDGE_CURVE ( 'NONE', #2056, #695, #2247, .T. ) ;
#304 = DIRECTION ( 'NONE',  ( 0.0000000000000000000, 0.0000000000000000000, 1.000000000000000000 ) ) ;
#305 = ORIENTED_EDGE ( 'NONE', *, *, #442, .T. ) ;
#306 = AXIS2_PLACEMENT_3D ( 'NONE', #2944, #1558, #1547 ) ;
#307 = DIRECTION ( 'NONE',  ( 0.0000000000000000000, 0.0000000000000000000, 1.000000000000000000 ) ) ;
#308 = ORIENTED_EDGE ( 'NONE', *, *, #1414, .F. ) ;
#309 = CIRCLE ( 'NONE', #2045, 2.999999999999999112 ) ;
#310 = ORIENTED_EDGE ( 'NONE', *, *, #2094, .F. ) ;
#311 = VECTOR ( 'NONE', #788, 1000.000000000000000 ) ;
#312 = PLANE ( 'NONE',  #1015 ) ;
#313 = EDGE_CURVE ( 'NONE', #2140, #2474, #963, .T. ) ;
#314 = CARTESIAN_POINT ( 'NONE',  ( -23.99999999999999289, 0.0000000000000000000, 0.0000000000000000000 ) ) ;
#315 = CARTESIAN_POINT ( 'NONE',  ( -21.90932847383360382, -1.199999999999999956, 0.0000000000000000000 ) ) ;
#316 = CARTESIAN_POINT ( 'NONE',  ( -19.65932847383360027, 1.800000000000000266, 5.000000000000000000 ) ) ;
#317 = FACE_OUTER_BOUND ( 'NONE', #2223, .T. ) ;
#318 = CARTESIAN_POINT ( 'NONE',  ( 24.00000000000000000, -1.199999999999999956, 0.0000000000000000000 ) ) ;
#319 = VECTOR ( 'NONE', #106, 1000.000000000000000 ) ;
#320 = FACE_OUTER_BOUND ( 'NONE', #3025, .T. ) ;
#321 = VERTEX_POINT ( 'NONE', #884 ) ;
#322 = AXIS2_PLACEMENT_3D ( 'NONE', #1364, #2994, #1410 ) ;
#323 = VECTOR ( 'NONE', #84, 1000.000000000000000 ) ;
#324 = EDGE_LOOP ( 'NONE', ( #2729, #2450 ) ) ;
#325 = VERTEX_POINT ( 'NONE', #1803 ) ;
#326 = CARTESIAN_POINT ( 'NONE',  ( -6.399999999999996803, 22.84661709438346477, 5.000000000000000000 ) ) ;
#327 = CARTESIAN_POINT ( 'NONE',  ( 12.50606143729776321, 66.85675460098573808, 5.000000000000000000 ) ) ;
#328 = AXIS2_PLACEMENT_3D ( 'NONE', #79, #1724, #554 ) ;
#329 = CARTESIAN_POINT ( 'NONE',  ( 9.479999999999996874, 42.44661709438346264, 0.0000000000000000000 ) ) ;
#330 = VECTOR ( 'NONE', #1702, 1000.000000000000000 ) ;
#331 = DIRECTION ( 'NONE',  ( 0.0000000000000000000, 0.0000000000000000000, 1.000000000000000000 ) ) ;
#332 = VERTEX_POINT ( 'NONE', #1113 ) ;
#333 = LINE ( 'NONE', #327, #2069 ) ;
#334 = ADVANCED_FACE ( 'NONE', ( #3051 ), #2285, .T. ) ;
#335 = LINE ( 'NONE', #1421, #2618 ) ;
#336 = CARTESIAN_POINT ( 'NONE',  ( 0.05230908407637298307, 2.399999999999999467, 0.0000000000000000000 ) ) ;
#337 = ORIENTED_EDGE ( 'NONE', *, *, #868, .F. ) ;
#338 = CARTESIAN_POINT ( 'NONE',  ( 0.0000000000000000000, -14.38233764908628309, 0.0000000000000000000 ) ) ;
#339 = EDGE_CURVE ( 'NONE', #1732, #897, #333, .T. ) ;
#340 = CARTESIAN_POINT ( 'NONE',  ( -23.06446840054596592, 0.7999999999999974909, 5.000000000000000000 ) ) ;
#341 = ORIENTED_EDGE ( 'NONE', *, *, #2643, .T. ) ;
#342 = EDGE_CURVE ( 'NONE', #1311, #196, #2430, .T. ) ;
#343 = ORIENTED_EDGE ( 'NONE', *, *, #1773, .T. ) ;
#344 = ORIENTED_EDGE ( 'NONE', *, *, #775, .F. ) ;
#345 = CARTESIAN_POINT ( 'NONE',  ( -23.99999999999999289, -1.199999999999999956, 0.0000000000000000000 ) ) ;
#346 = ADVANCED_FACE ( 'NONE', ( #1994 ), #2413, .F. ) ;
#347 = PLANE ( 'NONE',  #1749 ) ;
#348 = ORIENTED_EDGE ( 'NONE', *, *, #785, .T. ) ;
#349 = LINE ( 'NONE', #843, #2628 ) ;
#350 = CARTESIAN_POINT ( 'NONE',  ( 23.19018268626030732, -2.427226307507445737E-18, 5.000000000000000000 ) ) ;
#351 = DIRECTION ( 'NONE',  ( -0.0000000000000000000, -0.0000000000000000000, -1.000000000000000000 ) ) ;
#352 = VECTOR ( 'NONE', #2835, 999.9999999999998863 ) ;
#353 = DIRECTION ( 'NONE',  ( -0.1552378339921336170, 0.9878771254044860228, -0.0000000000000000000 ) ) ;
#354 = EDGE_LOOP ( 'NONE', ( #2136, #1411, #484, #1795 ) ) ;
#355 = ORIENTED_EDGE ( 'NONE', *, *, #2137, .T. ) ;
#356 = VECTOR ( 'NONE', #2851, 1000.000000000000000 ) ;
#357 = DIRECTION ( 'NONE',  ( 0.0000000000000000000, 0.0000000000000000000, 1.000000000000000000 ) ) ;
#358 = ORIENTED_EDGE ( 'NONE', *, *, #2550, .T. ) ;
#359 = DIRECTION ( 'NONE',  ( 1.000000000000000000, 0.0000000000000000000, 0.0000000000000000000 ) ) ;
#360 = ORIENTED_EDGE ( 'NONE', *, *, #1483, .F. ) ;
#361 = ORIENTED_EDGE ( 'NONE', *, *, #850, .F. ) ;
#362 = ADVANCED_FACE ( 'NONE', ( #886 ), #2506, .T. ) ;
#363 = LINE ( 'NONE', #2410, #663 ) ;
#364 = ORIENTED_EDGE ( 'NONE', *, *, #2220, .T. ) ;
#365 = VERTEX_POINT ( 'NONE', #1699 ) ;
#366 = EDGE_CURVE ( 'NONE', #2219, #975, #1552, .T. ) ;
#367 = VECTOR ( 'NONE', #1419, 999.9999999999998863 ) ;
#368 = DIRECTION ( 'NONE',  ( -1.000000000000000000, 0.0000000000000000000, 0.0000000000000000000 ) ) ;
#369 = DIRECTION ( 'NONE',  ( 1.000000000000000000, 0.0000000000000000000, 0.0000000000000000000 ) ) ;
#370 = CARTESIAN_POINT ( 'NONE',  ( 13.00000000000000533, 64.84661709438364596, 0.0000000000000000000 ) ) ;
#371 = CIRCLE ( 'NONE', #907, 9.000000000000000000 ) ;
#372 = DIRECTION ( 'NONE',  ( 0.1552378339921333672, 0.9878771254044861339, 0.0000000000000000000 ) ) ;
#373 = CARTESIAN_POINT ( 'NONE',  ( 21.23428571428571132, 12.44661709438345909, 0.0000000000000000000 ) ) ;
#374 = VERTEX_POINT ( 'NONE', #996 ) ;
#375 = EDGE_CURVE ( 'NONE', #2859, #604, #2974, .T. ) ;
#376 = ORIENTED_EDGE ( 'NONE', *, *, #868, .T. ) ;
#377 = CARTESIAN_POINT ( 'NONE',  ( 5.510910596163089556E-15, -45.00000000000000000, 0.0000000000000000000 ) ) ;
#378 = ORIENTED_EDGE ( 'NONE', *, *, #1631, .F. ) ;
#379 = CARTESIAN_POINT ( 'NONE',  ( 23.19018268626030732, -2.427226307507445737E-18, 0.0000000000000000000 ) ) ;
#380 = ORIENTED_EDGE ( 'NONE', *, *, #1861, .T. ) ;
#381 = AXIS2_PLACEMENT_3D ( 'NONE', #1003, #2645, #1723 ) ;
#382 = VERTEX_POINT ( 'NONE', #530 ) ;
#383 = ORIENTED_EDGE ( 'NONE', *, *, #1773, .F. ) ;
#384 = VECTOR ( 'NONE', #1923, 1000.000000000000000 ) ;
#385 = AXIS2_PLACEMENT_3D ( 'NONE', #168, #1312, #1061 ) ;
#386 = DIRECTION ( 'NONE',  ( 1.000000000000000000, 0.0000000000000000000, 0.0000000000000000000 ) ) ;
#387 = LINE ( 'NONE', #2783, #1707 ) ;
#388 = DIRECTION ( 'NONE',  ( 0.0000000000000000000, 0.0000000000000000000, 1.000000000000000000 ) ) ;
#389 = CARTESIAN_POINT ( 'NONE',  ( 19.66285714285713837, 22.44661709438346264, 0.0000000000000000000 ) ) ;
#390 = DIRECTION ( 'NONE',  ( -0.1552378339921336448, 0.9878771254044861339, -0.0000000000000000000 ) ) ;
#391 = CYLINDRICAL_SURFACE ( 'NONE', #1553, 2.999999999999999112 ) ;
#392 = VECTOR ( 'NONE', #1823, 999.9999999999998863 ) ;
#393 = VECTOR ( 'NONE', #2705, 1000.000000000000000 ) ;
#394 = ORIENTED_EDGE ( 'NONE', *, *, #2583, .F. ) ;
#395 = EDGE_CURVE ( 'NONE', #2302, #2836, #1953, .T. ) ;
#396 = PLANE ( 'NONE',  #1639 ) ;
#397 = VECTOR ( 'NONE', #2976, 1000.000000000000000 ) ;
#398 = CARTESIAN_POINT ( 'NONE',  ( 16.45714285714285552, 42.84661709438346833, 5.000000000000000000 ) ) ;
#399 = ORIENTED_EDGE ( 'NONE', *, *, #1122, .T. ) ;
#400 = DIRECTION ( 'NONE',  ( 0.0000000000000000000, 0.0000000000000000000, 1.000000000000000000 ) ) ;
#401 = EDGE_CURVE ( 'NONE', #899, #695, #926, .T. ) ;
#402 = CARTESIAN_POINT ( 'NONE',  ( -2.781818181818182190, -4.569005513501256388, 0.0000000000000000000 ) ) ;
#403 = VECTOR ( 'NONE', #1958, 999.9999999999998863 ) ;
#404 = ORIENTED_EDGE ( 'NONE', *, *, #2605, .F. ) ;
#405 = CARTESIAN_POINT ( 'NONE',  ( 0.05230908407637298307, 2.399999999999999467, 5.000000000000000000 ) ) ;
#406 = ORIENTED_EDGE ( 'NONE', *, *, #2632, .F. ) ;
#407 = LINE ( 'NONE', #992, #2579 ) ;
#408 = DIRECTION ( 'NONE',  ( -0.9878771254044861339, -0.1552378339921336448, 0.0000000000000000000 ) ) ;
#409 = VECTOR ( 'NONE', #66, 1000.000000000000000 ) ;
#410 = ORIENTED_EDGE ( 'NONE', *, *, #2113, .F. ) ;
#411 = PLANE ( 'NONE',  #591 ) ;
#412 = ORIENTED_EDGE ( 'NONE', *, *, #1221, .T. ) ;
#413 = EDGE_CURVE ( 'NONE', #2765, #1130, #2214, .T. ) ;
#414 = ORIENTED_EDGE ( 'NONE', *, *, #126, .F. ) ;
#415 = CARTESIAN_POINT ( 'NONE',  ( -23.99999999999999289, 0.0000000000000000000, 5.000000000000000000 ) ) ;
#416 = DIRECTION ( 'NONE',  ( 0.9878771254044861339, -0.1552378339921338390, 0.0000000000000000000 ) ) ;
#417 = EDGE_LOOP ( 'NONE', ( #2865, #2155, #2068, #180 ) ) ;
#418 = DIRECTION ( 'NONE',  ( 0.0000000000000000000, -0.0000000000000000000, -1.000000000000000000 ) ) ;
#419 = DIRECTION ( 'NONE',  ( 1.000000000000000000, 0.0000000000000000000, 0.0000000000000000000 ) ) ;
#420 = VERTEX_POINT ( 'NONE', #2195 ) ;
#421 = VECTOR ( 'NONE', #2592, 1000.000000000000000 ) ;
#422 = ADVANCED_FACE ( 'NONE', ( #1442 ), #396, .T. ) ;
#423 = EDGE_CURVE ( 'NONE', #288, #1232, #297, .T. ) ;
#424 = CARTESIAN_POINT ( 'NONE',  ( 13.00000000000000533, 64.84661709438364596, 0.0000000000000000000 ) ) ;
#425 = CC_DESIGN_DATE_AND_TIME_ASSIGNMENT ( #2707, #1635, ( #766 ) ) ;
#426 =( NAMED_UNIT ( * ) SI_UNIT ( $, .STERADIAN. ) SOLID_ANGLE_UNIT ( ) );
#427 = AXIS2_PLACEMENT_3D ( 'NONE', #1954, #2662, #1265 ) ;
#428 = PLANE ( 'NONE',  #2188 ) ;
#429 = DIRECTION ( 'NONE',  ( -1.000000000000000000, -1.077257267186296938E-16, 0.0000000000000000000 ) ) ;
#430 = VECTOR ( 'NONE', #351, 1000.000000000000000 ) ;
#431 = CARTESIAN_POINT ( 'NONE',  ( -9.542857142857140929, 42.84661709438346122, 0.0000000000000000000 ) ) ;
#432 = EDGE_LOOP ( 'NONE', ( #1802, #1299, #475, #2116 ) ) ;
#433 = VECTOR ( 'NONE', #1006, 1000.000000000000000 ) ;
#434 = ORIENTED_EDGE ( 'NONE', *, *, #1451, .T. ) ;
#435 = CARTESIAN_POINT ( 'NONE',  ( 14.94857142857142485, 52.44661709438346975, 0.0000000000000000000 ) ) ;
#436 = VERTEX_POINT ( 'NONE', #2087 ) ;
#437 = LINE ( 'NONE', #3029, #2121 ) ;
#438 = ORIENTED_EDGE ( 'NONE', *, *, #1057, .T. ) ;
#439 = ADVANCED_FACE ( 'NONE', ( #1404 ), #2287, .T. ) ;
#440 = DIRECTION ( 'NONE',  ( -0.9878771254044861339, -0.1552378339921337280, 0.0000000000000000000 ) ) ;
#441 = VECTOR ( 'NONE', #873, 1000.000000000000000 ) ;
#442 = EDGE_CURVE ( 'NONE', #633, #2303, #1099, .T. ) ;
#443 = EDGE_CURVE ( 'NONE', #478, #1759, #2616, .T. ) ;
#444 = CARTESIAN_POINT ( 'NONE',  ( -21.23428571428571132, 12.44661709438345909, 5.000000000000000000 ) ) ;
#445 = LINE ( 'NONE', #2700, #2796 ) ;
#446 = DIRECTION ( 'NONE',  ( 0.0000000000000000000, 0.0000000000000000000, 1.000000000000000000 ) ) ;
#447 = ORIENTED_EDGE ( 'NONE', *, *, #1539, .F. ) ;
#448 = AXIS2_PLACEMENT_3D ( 'NONE', #2309, #1850, #2549 ) ;
#449 = CARTESIAN_POINT ( 'NONE',  ( 0.0000000000000000000, -14.38233764908628309, 5.000000000000000000 ) ) ;
#450 = ORIENTED_EDGE ( 'NONE', *, *, #1207, .T. ) ;
#451 = DIRECTION ( 'NONE',  ( 0.1552378339921333672, 0.9878771254044861339, 0.0000000000000000000 ) ) ;
#452 = VERTEX_POINT ( 'NONE', #1869 ) ;
#453 = DIRECTION ( 'NONE',  ( -7.228014483236695816E-17, 1.000000000000000000, -0.0000000000000000000 ) ) ;
#454 = EDGE_CURVE ( 'NONE', #2191, #2056, #480, .T. ) ;
#455 = ORIENTED_EDGE ( 'NONE', *, *, #1712, .T. ) ;
#456 = CARTESIAN_POINT ( 'NONE',  ( -23.99999999999999289, 0.0000000000000000000, 5.000000000000000000 ) ) ;
#457 = ORIENTED_EDGE ( 'NONE', *, *, #2340, .F. ) ;
#458 = FACE_BOUND ( 'NONE', #2404, .T. ) ;
#459 = CARTESIAN_POINT ( 'NONE',  ( -13.00000000000000178, 64.84661709438347543, 5.000000000000000000 ) ) ;
#460 = LINE ( 'NONE', #2541, #1080 ) ;
#461 = CARTESIAN_POINT ( 'NONE',  ( -23.99999999999999289, -1.199999999999999956, 0.0000000000000000000 ) ) ;
#462 = EDGE_CURVE ( 'NONE', #1371, #488, #2688, .T. ) ;
#463 = EDGE_LOOP ( 'NONE', ( #4, #1192, #2016, #2589 ) ) ;
#464 = AXIS2_PLACEMENT_3D ( 'NONE', #2482, #2041, #2955 ) ;
#465 = CARTESIAN_POINT ( 'NONE',  ( -7.971428571428567089, 32.84661709438345412, 0.0000000000000000000 ) ) ;
#466 = VECTOR ( 'NONE', #2341, 1000.000000000000114 ) ;
#467 = APPROVAL_DATE_TIME ( #947, #1110 ) ;
#468 = ADVANCED_FACE ( 'NONE', ( #1619 ), #2119, .T. ) ;
#469 = CYLINDRICAL_SURFACE ( 'NONE', #1988, 3.000000000000000000 ) ;
#470 = LINE ( 'NONE', #869, #393 ) ;
#471 = VERTEX_POINT ( 'NONE', #2876 ) ;
#472 = CARTESIAN_POINT ( 'NONE',  ( 23.19018268626030732, -2.427226307507445737E-18, 5.000000000000000000 ) ) ;
#473 = FACE_OUTER_BOUND ( 'NONE', #2834, .T. ) ;
#474 = EDGE_CURVE ( 'NONE', #2466, #3002, #852, .T. ) ;
#475 = ORIENTED_EDGE ( 'NONE', *, *, #156, .T. ) ;
#476 = DIRECTION ( 'NONE',  ( 0.0000000000000000000, -0.0000000000000000000, -1.000000000000000000 ) ) ;
#477 = LINE ( 'NONE', #1849, #3045 ) ;
#478 = VERTEX_POINT ( 'NONE', #2061 ) ;
#479 = VERTEX_POINT ( 'NONE', #957 ) ;
#480 = LINE ( 'NONE', #1249, #2031 ) ;
#481 = ORIENTED_EDGE ( 'NONE', *, *, #716, .T. ) ;
#482 = CARTESIAN_POINT ( 'NONE',  ( -23.06446840054596592, 0.7999999999999974909, 0.0000000000000000000 ) ) ;
#483 = LINE ( 'NONE', #2750, #1915 ) ;
#484 = ORIENTED_EDGE ( 'NONE', *, *, #1067, .T. ) ;
#485 = DIRECTION ( 'NONE',  ( 0.9878771254044861339, -0.1552378339921338390, 0.0000000000000000000 ) ) ;
#486 = AXIS2_PLACEMENT_3D ( 'NONE', #435, #1147, #2788 ) ;
#487 = ORIENTED_EDGE ( 'NONE', *, *, #919, .F. ) ;
#488 = VERTEX_POINT ( 'NONE', #571 ) ;
#489 = CARTESIAN_POINT ( 'NONE',  ( 18.09142857142856897, 32.44661709438346264, 0.0000000000000000000 ) ) ;
#490 = ORIENTED_EDGE ( 'NONE', *, *, #519, .F. ) ;
#491 = EDGE_CURVE ( 'NONE', #1134, #516, #2352, .T. ) ;
#492 = CARTESIAN_POINT ( 'NONE',  ( 13.00000000000000533, 64.84661709438364596, 0.0000000000000000000 ) ) ;
#493 = ORIENTED_EDGE ( 'NONE', *, *, #2679, .T. ) ;
#494 = LINE ( 'NONE', #2350, #2297 ) ;
#495 = EDGE_CURVE ( 'NONE', #2613, #1759, #1188, .T. ) ;
#496 = PLANE ( 'NONE',  #2537 ) ;
#497 = DIRECTION ( 'NONE',  ( -7.228014483236695816E-17, -1.000000000000000000, 0.0000000000000000000 ) ) ;
#498 = DIRECTION ( 'NONE',  ( -1.000000000000000000, 1.003559035689062169E-15, 0.0000000000000000000 ) ) ;
#499 = LINE ( 'NONE', #1273, #2300 ) ;
#500 = PERSON_AND_ORGANIZATION ( #2405, #25 ) ;
#501 = ORIENTED_EDGE ( 'NONE', *, *, #1319, .F. ) ;
#502 = DIRECTION ( 'NONE',  ( 0.1552378339921338113, 0.9878771254044860228, 0.0000000000000000000 ) ) ;
#503 = VECTOR ( 'NONE', #847, 1000.000000000000000 ) ;
#504 = ORIENTED_EDGE ( 'NONE', *, *, #1067, .F. ) ;
#505 = ORIENTED_EDGE ( 'NONE', *, *, #1900, .F. ) ;
#506 = DIRECTION ( 'NONE',  ( -0.1552378339921336170, 0.9878771254044860228, -0.0000000000000000000 ) ) ;
#507 = LINE ( 'NONE', #2897, #2573 ) ;
#508 = ORIENTED_EDGE ( 'NONE', *, *, #2756, .T. ) ;
#509 = DIRECTION ( 'NONE',  ( -1.000000000000000000, -0.0000000000000000000, -0.0000000000000000000 ) ) ;
#510 = DIRECTION ( 'NONE',  ( 0.0000000000000000000, 0.0000000000000000000, 1.000000000000000000 ) ) ;
#511 = CIRCLE ( 'NONE', #2073, 3.000000000000000000 ) ;
#512 = CARTESIAN_POINT ( 'NONE',  ( -11.11428571428571388, 52.84661709438346833, 0.0000000000000000000 ) ) ;
#513 = LINE ( 'NONE', #267, #2217 ) ;
#514 = ORIENTED_EDGE ( 'NONE', *, *, #2550, .F. ) ;
#515 = VERTEX_POINT ( 'NONE', #2399 ) ;
#516 = VERTEX_POINT ( 'NONE', #1720 ) ;
#517 = CARTESIAN_POINT ( 'NONE',  ( 18.02857142857142492, 32.84661709438346833, 5.000000000000000000 ) ) ;
#518 = DIRECTION ( 'NONE',  ( -0.9878771254044861339, -0.1552378339921334505, 0.0000000000000000000 ) ) ;
#519 = EDGE_CURVE ( 'NONE', #1315, #1848, #780, .T. ) ;
#520 = EDGE_LOOP ( 'NONE', ( #514, #610, #1004, #1123 ) ) ;
#521 = ORIENTED_EDGE ( 'NONE', *, *, #1377, .F. ) ;
#522 = DIRECTION ( 'NONE',  ( -0.1552378339921336448, 0.9878771254044861339, -0.0000000000000000000 ) ) ;
#523 = ORIENTED_EDGE ( 'NONE', *, *, #948, .F. ) ;
#524 = CARTESIAN_POINT ( 'NONE',  ( 19.66285714285713837, 22.44661709438346264, 5.000000000000000000 ) ) ;
#525 = DIRECTION ( 'NONE',  ( -0.0000000000000000000, -0.0000000000000000000, -1.000000000000000000 ) ) ;
#526 = EDGE_CURVE ( 'NONE', #1130, #2613, #407, .T. ) ;
#527 = EDGE_LOOP ( 'NONE', ( #719, #1090, #2239, #2895 ) ) ;
#528 = CARTESIAN_POINT ( 'NONE',  ( -21.17142857142857082, 12.84661709438346477, 5.000000000000000000 ) ) ;
#529 = FACE_BOUND ( 'NONE', #2968, .T. ) ;
#530 = CARTESIAN_POINT ( 'NONE',  ( -12.50606143729775965, 66.85675460098572387, 0.0000000000000000000 ) ) ;
#531 = DIRECTION ( 'NONE',  ( -0.0000000000000000000, 0.0000000000000000000, 1.000000000000000000 ) ) ;
#532 = CARTESIAN_POINT ( 'NONE',  ( 24.00000000000000000, 1.383787393197646916E-15, 0.0000000000000000000 ) ) ;
#533 = CYLINDRICAL_SURFACE ( 'NONE', #2652, 0.7500000000000006661 ) ;
#534 = DIRECTION ( 'NONE',  ( 0.2913043449262718854, 0.9566304294904461880, 0.0000000000000000000 ) ) ;
#535 = CARTESIAN_POINT ( 'NONE',  ( 14.94857142857142485, 52.44661709438346975, 5.000000000000000000 ) ) ;
#536 = FACE_OUTER_BOUND ( 'NONE', #2184, .T. ) ;
#537 = VERTEX_POINT ( 'NONE', #1269 ) ;
#538 = DIRECTION ( 'NONE',  ( -0.1552378339921333950, -0.9878771254044861339, -0.0000000000000000000 ) ) ;
#539 = LINE ( 'NONE', #431, #2567 ) ;
#540 = LINE ( 'NONE', #2315, #1899 ) ;
#541 = PLANE ( 'NONE',  #2980 ) ;
#542 = ORIENTED_EDGE ( 'NONE', *, *, #2483, .F. ) ;
#543 = CARTESIAN_POINT ( 'NONE',  ( 21.45932847383360098, -0.5999999999999993117, 5.000000000000000000 ) ) ;
#544 = ORIENTED_EDGE ( 'NONE', *, *, #2205, .T. ) ;
#545 = FACE_OUTER_BOUND ( 'NONE', #649, .T. ) ;
#546 = AXIS2_PLACEMENT_3D ( 'NONE', #2190, #286, #1909 ) ;
#547 = DIRECTION ( 'NONE',  ( 0.0000000000000000000, 0.0000000000000000000, 1.000000000000000000 ) ) ;
#548 = VERTEX_POINT ( 'NONE', #275 ) ;
#549 = LINE ( 'NONE', #2063, #593 ) ;
#550 = DIRECTION ( 'NONE',  ( 0.0000000000000000000, 0.0000000000000000000, 1.000000000000000000 ) ) ;
#551 = CARTESIAN_POINT ( 'NONE',  ( 2.318596016894396428, 2.027429198418875700, 5.000000000000000000 ) ) ;
#552 = ORIENTED_EDGE ( 'NONE', *, *, #2726, .T. ) ;
#553 = VECTOR ( 'NONE', #1235, 1000.000000000000114 ) ;
#554 = DIRECTION ( 'NONE',  ( 1.000000000000000000, 0.0000000000000000000, 0.0000000000000000000 ) ) ;
#555 = EDGE_CURVE ( 'NONE', #682, #1912, #2864, .T. ) ;
#556 = CARTESIAN_POINT ( 'NONE',  ( 6.399999999999996803, 22.84661709438346477, 5.000000000000000000 ) ) ;
#557 = LINE ( 'NONE', #1431, #2469 ) ;
#558 = CARTESIAN_POINT ( 'NONE',  ( 18.09142857142856897, 32.44661709438346264, 0.0000000000000000000 ) ) ;
#559 = ORIENTED_EDGE ( 'NONE', *, *, #1272, .T. ) ;
#560 = EDGE_CURVE ( 'NONE', #1216, #974, #149, .T. ) ;
#561 = ORIENTED_EDGE ( 'NONE', *, *, #401, .T. ) ;
#562 = DIRECTION ( 'NONE',  ( 0.0000000000000000000, 0.0000000000000000000, 1.000000000000000000 ) ) ;
#563 = DIRECTION ( 'NONE',  ( 0.0000000000000000000, 0.0000000000000000000, -1.000000000000000000 ) ) ;
#564 = DIRECTION ( 'NONE',  ( 1.000000000000000000, 0.0000000000000000000, 0.0000000000000000000 ) ) ;
#565 = VERTEX_POINT ( 'NONE', #2376 ) ;
#566 = AXIS2_PLACEMENT_3D ( 'NONE', #338, #2909, #132 ) ;
#567 = DIRECTION ( 'NONE',  ( -0.1552378339921338390, -0.9878771254044861339, 0.0000000000000000000 ) ) ;
#568 = ORIENTED_EDGE ( 'NONE', *, *, #976, .T. ) ;
#569 = ORIENTED_EDGE ( 'NONE', *, *, #2734, .F. ) ;
#571 = CARTESIAN_POINT ( 'NONE',  ( 9.479999999999970228, 42.44661709438346975, 0.0000000000000000000 ) ) ;
#570 = VECTOR ( 'NONE', #2584, 1000.000000000000000 ) ;
#572 = EDGE_CURVE ( 'NONE', #1156, #2571, #1653, .T. ) ;
#573 = DIRECTION ( 'NONE',  ( -0.0000000000000000000, -0.0000000000000000000, 1.000000000000000000 ) ) ;
#574 = CARTESIAN_POINT ( 'NONE',  ( 21.90932847383360382, -1.199999999999999956, 5.000000000000000000 ) ) ;
#575 = DIRECTION ( 'NONE',  ( -1.000000000000000000, -0.0000000000000000000, -0.0000000000000000000 ) ) ;
#576 = CIRCLE ( 'NONE', #1495, 10.20000000000000107 ) ;
#577 = ADVANCED_FACE ( 'NONE', ( #1063 ), #1733, .F. ) ;
#578 = LINE ( 'NONE', #1534, #770 ) ;
#579 = FACE_BOUND ( 'NONE', #1430, .T. ) ;
#580 = ORIENTED_EDGE ( 'NONE', *, *, #973, .F. ) ;
#581 = EDGE_CURVE ( 'NONE', #2037, #452, #445, .T. ) ;
#582 = CIRCLE ( 'NONE', #2460, 9.000000000000000000 ) ;
#583 = ORIENTED_EDGE ( 'NONE', *, *, #82, .T. ) ;
#584 = ORIENTED_EDGE ( 'NONE', *, *, #1565, .T. ) ;
#585 = CARTESIAN_POINT ( 'NONE',  ( 1.800000000000000488, -0.5999999999999996447, 0.0000000000000000000 ) ) ;
#586 = DIRECTION ( 'NONE',  ( 0.0000000000000000000, 0.0000000000000000000, 1.000000000000000000 ) ) ;
#587 = APPROVAL ( #2825, 'UNSPECIFIED' ) ;
#588 = DIRECTION ( 'NONE',  ( -0.0000000000000000000, 0.0000000000000000000, 1.000000000000000000 ) ) ;
#589 = CYLINDRICAL_SURFACE ( 'NONE', #2334, 2.400000000000000355 ) ;
#590 = EDGE_LOOP ( 'NONE', ( #1444, #2853, #933, #2805 ) ) ;
#591 = AXIS2_PLACEMENT_3D ( 'NONE', #1118, #1604, #1354 ) ;
#592 = DIRECTION ( 'NONE',  ( 0.0000000000000000000, 0.0000000000000000000, 1.000000000000000000 ) ) ;
#593 = VECTOR ( 'NONE', #1485, 1000.000000000000114 ) ;
#594 = VECTOR ( 'NONE', #1950, 1000.000000000000000 ) ;
#595 = DIRECTION ( 'NONE',  ( 1.000000000000000000, 0.0000000000000000000, 0.0000000000000000000 ) ) ;
#596 = ADVANCED_FACE ( 'NONE', ( #994 ), #2177, .T. ) ;
#597 = ORIENTED_EDGE ( 'NONE', *, *, #1025, .T. ) ;
#598 = CARTESIAN_POINT ( 'NONE',  ( -18.09142857142856897, 32.44661709438346264, 0.0000000000000000000 ) ) ;
#599 = EDGE_LOOP ( 'NONE', ( #63, #2497, #826, #1096 ) ) ;
#600 = CARTESIAN_POINT ( 'NONE',  ( 19.65932847383360027, -1.199999999999999956, 0.0000000000000000000 ) ) ;
#601 = CARTESIAN_POINT ( 'NONE',  ( 5.510910596163089556E-15, -45.00000000000000000, 0.0000000000000000000 ) ) ;
#602 = EDGE_CURVE ( 'NONE', #2782, #321, #628, .T. ) ;
#603 = AXIS2_PLACEMENT_3D ( 'NONE', #259, #244, #2335 ) ;
#604 = VERTEX_POINT ( 'NONE', #2709 ) ;
#605 = ORIENTED_EDGE ( 'NONE', *, *, #2704, .F. ) ;
#606 = CARTESIAN_POINT ( 'NONE',  ( 21.90932847383360382, -1.199999999999999956, 5.000000000000000000 ) ) ;
#607 = CARTESIAN_POINT ( 'NONE',  ( -8.768485069976517110E-14, 0.0005701177731650027003, 0.0000000000000000000 ) ) ;
#608 = AXIS2_PLACEMENT_3D ( 'NONE', #187, #660, #619 ) ;
#609 = DIRECTION ( 'NONE',  ( 0.1552378339921337003, -0.9878771254044860228, 0.0000000000000000000 ) ) ;
#610 = ORIENTED_EDGE ( 'NONE', *, *, #1880, .T. ) ;
#611 = VECTOR ( 'NONE', #1463, 1000.000000000000000 ) ;
#612 = CARTESIAN_POINT ( 'NONE',  ( 9.611509172931224754, -41.58548811414295443, 0.0000000000000000000 ) ) ;
#613 = VECTOR ( 'NONE', #2820, 1000.000000000000000 ) ;
#614 = EDGE_CURVE ( 'NONE', #1274, #2131, #1585, .T. ) ;
#615 = PLANE ( 'NONE',  #385 ) ;
#616 = VECTOR ( 'NONE', #707, 999.9999999999998863 ) ;
#617 = LOCAL_TIME ( 14, 11, 14.00000000000000000, #2924 ) ;
#618 = LINE ( 'NONE', #2105, #2055 ) ;
#619 = DIRECTION ( 'NONE',  ( 0.1552378339921336170, -0.9878771254044860228, 0.0000000000000000000 ) ) ;
#620 = ORIENTED_EDGE ( 'NONE', *, *, #2741, .F. ) ;
#621 = PLANE ( 'NONE',  #2150 ) ;
#622 = VERTEX_POINT ( 'NONE', #1755 ) ;
#623 = EDGE_CURVE ( 'NONE', #809, #53, #2103, .T. ) ;
#624 = VECTOR ( 'NONE', #1092, 999.9999999999998863 ) ;
#625 = VERTEX_POINT ( 'NONE', #141 ) ;
#626 = DIRECTION ( 'NONE',  ( 0.0000000000000000000, 0.0000000000000000000, 1.000000000000000000 ) ) ;
#627 = EDGE_LOOP ( 'NONE', ( #1109, #1895, #2120, #434 ) ) ;
#628 = CIRCLE ( 'NONE', #2961, 0.7500000000000000000 ) ;
#629 = DIRECTION ( 'NONE',  ( -0.0000000000000000000, 1.000000000000000000, -0.0000000000000000000 ) ) ;
#630 = DIRECTION ( 'NONE',  ( 0.0000000000000000000, 0.0000000000000000000, 1.000000000000000000 ) ) ;
#631 = VECTOR ( 'NONE', #1921, 1000.000000000000227 ) ;
#632 = EDGE_CURVE ( 'NONE', #1892, #2318, #371, .T. ) ;
#633 = VERTEX_POINT ( 'NONE', #2730 ) ;
#634 = ORIENTED_EDGE ( 'NONE', *, *, #898, .F. ) ;
#635 = CARTESIAN_POINT ( 'NONE',  ( 24.00000000000000000, 1.383787393197646916E-15, 0.0000000000000000000 ) ) ;
#636 = VERTEX_POINT ( 'NONE', #2920 ) ;
#637 = ADVANCED_FACE ( 'NONE', ( #1729 ), #113, .F. ) ;
#638 = EDGE_CURVE ( 'NONE', #633, #2898, #1648, .T. ) ;
#639 = VERTEX_POINT ( 'NONE', #844 ) ;
#640 = VECTOR ( 'NONE', #2488, 1000.000000000000000 ) ;
#641 = AXIS2_PLACEMENT_3D ( 'NONE', #192, #408, #668 ) ;
#642 = ORIENTED_EDGE ( 'NONE', *, *, #462, .F. ) ;
#643 = DIRECTION ( 'NONE',  ( 0.0000000000000000000, 0.0000000000000000000, 1.000000000000000000 ) ) ;
#644 = LINE ( 'NONE', #1587, #1351 ) ;
#645 = DIRECTION ( 'NONE',  ( 1.000000000000000000, 0.0000000000000000000, 0.0000000000000000000 ) ) ;
#646 = DIRECTION ( 'NONE',  ( -0.1552378339921336448, 0.9878771254044861339, -0.0000000000000000000 ) ) ;
#647 = CARTESIAN_POINT ( 'NONE',  ( -19.65932847383360027, -1.199999999999999956, 5.000000000000000000 ) ) ;
#648 = DIRECTION ( 'NONE',  ( -1.000000000000000000, 1.508160174060822443E-16, -0.0000000000000000000 ) ) ;
#649 = EDGE_LOOP ( 'NONE', ( #880, #2505, #1417, #1584 ) ) ;
#650 = PERSON_AND_ORGANIZATION ( #2405, #25 ) ;
#651 = ORIENTED_EDGE ( 'NONE', *, *, #1616, .T. ) ;
#652 = CARTESIAN_POINT ( 'NONE',  ( -9.611509172931219425, -41.58548811414296154, 5.000000000000000000 ) ) ;
#653 = CIRCLE ( 'NONE', #1011, 9.000000000000000000 ) ;
#654 = ORIENTED_EDGE ( 'NONE', *, *, #260, .F. ) ;
#655 = EDGE_CURVE ( 'NONE', #332, #1375, #2722, .T. ) ;
#656 = DIRECTION ( 'NONE',  ( 0.1552378339921337003, -0.9878771254044860228, 0.0000000000000000000 ) ) ;
#657 = CIRCLE ( 'NONE', #769, 3.000000000000000000 ) ;
#658 = VERTEX_POINT ( 'NONE', #2017 ) ;
#659 = ORIENTED_EDGE ( 'NONE', *, *, #2137, .F. ) ;
#660 = DIRECTION ( 'NONE',  ( -0.9878771254044861339, -0.1552378339921336448, 0.0000000000000000000 ) ) ;
#661 = EDGE_CURVE ( 'NONE', #604, #2252, #293, .T. ) ;
#662 = CARTESIAN_POINT ( 'NONE',  ( -3.599999999999999201, -1.199999999999999956, 5.000000000000000000 ) ) ;
#663 = VECTOR ( 'NONE', #2866, 999.9999999999998863 ) ;
#664 = ORIENTED_EDGE ( 'NONE', *, *, #1369, .F. ) ;
#665 = VERTEX_POINT ( 'NONE', #855 ) ;
#666 = VECTOR ( 'NONE', #2038, 999.9999999999998863 ) ;
#667 = AXIS2_PLACEMENT_3D ( 'NONE', #673, #1842, #909 ) ;
#668 = DIRECTION ( 'NONE',  ( 0.1552378339921336170, -0.9878771254044860228, 0.0000000000000000000 ) ) ;
#669 = VECTOR ( 'NONE', #1161, 1000.000000000000227 ) ;
#670 = CARTESIAN_POINT ( 'NONE',  ( -7.971428571428570642, 32.84661709438346833, 0.0000000000000000000 ) ) ;
#671 = CARTESIAN_POINT ( 'NONE',  ( -13.00000000000000178, 64.84661709438347543, 5.000000000000000000 ) ) ;
#672 = ORIENTED_EDGE ( 'NONE', *, *, #85, .T. ) ;
#673 = CARTESIAN_POINT ( 'NONE',  ( -23.19018268626025048, -2.495874921891080997E-15, 5.000000000000000000 ) ) ;
#674 = DIRECTION ( 'NONE',  ( 1.000000000000000000, 0.0000000000000000000, 0.0000000000000000000 ) ) ;
#675 = ADVANCED_FACE ( 'NONE', ( #2504 ), #347, .T. ) ;
#676 = ORIENTED_EDGE ( 'NONE', *, *, #821, .T. ) ;
#677 = DIRECTION ( 'NONE',  ( -0.2913043449262716078, -0.9566304294904462990, 0.0000000000000000000 ) ) ;
#678 = ORIENTED_EDGE ( 'NONE', *, *, #1107, .T. ) ;
#679 = CARTESIAN_POINT ( 'NONE',  ( -3.600000000000000089, 1.800000000000000266, 0.0000000000000000000 ) ) ;
#680 = ORIENTED_EDGE ( 'NONE', *, *, #2327, .F. ) ;
#681 = CARTESIAN_POINT ( 'NONE',  ( -24.12378498622083001, -4.226331501132321478, 0.0000000000000000000 ) ) ;
#682 = VERTEX_POINT ( 'NONE', #2265 ) ;
#683 = VECTOR ( 'NONE', #304, 1000.000000000000000 ) ;
#684 = EDGE_CURVE ( 'NONE', #2384, #1158, #2641, .T. ) ;
#685 = DIRECTION ( 'NONE',  ( 0.0000000000000000000, 0.0000000000000000000, 1.000000000000000000 ) ) ;
#686 = CARTESIAN_POINT ( 'NONE',  ( -23.19018268626025048, -2.495874921891080997E-15, 5.000000000000000000 ) ) ;
#687 = VECTOR ( 'NONE', #1632, 1000.000000000000000 ) ;
#688 = CARTESIAN_POINT ( 'NONE',  ( -13.49393856270224745, 66.85675460098572387, 0.0000000000000000000 ) ) ;
#689 = ORIENTED_EDGE ( 'NONE', *, *, #423, .F. ) ;
#690 = LINE ( 'NONE', #2587, #466 ) ;
#691 = APPROVAL_PERSON_ORGANIZATION ( #1247, #587, #3043 ) ;
#692 = EDGE_CURVE ( 'NONE', #1844, #1311, #741, .T. ) ;
#693 = CARTESIAN_POINT ( 'NONE',  ( 24.00000000000000000, 1.383787393197646916E-15, 0.0000000000000000000 ) ) ;
#694 = LINE ( 'NONE', #2751, #2337 ) ;
#695 = VERTEX_POINT ( 'NONE', #1524 ) ;
#696 = CARTESIAN_POINT ( 'NONE',  ( -14.88571428571428257, 52.84661709438346833, 0.0000000000000000000 ) ) ;
#697 = VECTOR ( 'NONE', #2202, 1000.000000000000000 ) ;
#698 = APPLICATION_PROTOCOL_DEFINITION ( 'international standard', 'config_control_design', 1994, #1185 ) ;
#699 = PLANE ( 'NONE',  #1593 ) ;
#700 = CIRCLE ( 'NONE', #1533, 0.5000000000000004441 ) ;
#701 = AXIS2_PLACEMENT_3D ( 'NONE', #2992, #2436, #2878 ) ;
#702 = DIRECTION ( 'NONE',  ( 0.0000000000000000000, 0.0000000000000000000, 1.000000000000000000 ) ) ;
#703 = VERTEX_POINT ( 'NONE', #1767 ) ;
#704 = ADVANCED_FACE ( 'NONE', ( #38 ), #3017, .T. ) ;
#705 = VECTOR ( 'NONE', #509, 1000.000000000000000 ) ;
#706 = ORIENTED_EDGE ( 'NONE', *, *, #918, .F. ) ;
#707 = DIRECTION ( 'NONE',  ( -0.1552378339921338390, -0.9878771254044861339, 0.0000000000000000000 ) ) ;
#708 = VECTOR ( 'NONE', #2590, 1000.000000000000000 ) ;
#709 = AXIS2_PLACEMENT_3D ( 'NONE', #1314, #2479, #2941 ) ;
#710 = PERSON_AND_ORGANIZATION_ROLE ( 'creator' ) ;
#711 = VERTEX_POINT ( 'NONE', #2468 ) ;
#712 = DIRECTION ( 'NONE',  ( 1.000000000000000000, 0.0000000000000000000, 0.0000000000000000000 ) ) ;
#713 = MANIFOLD_SOLID_BREP ( 'Verrundung7', #2135 ) ;
#714 = PLANE ( 'NONE',  #2235 ) ;
#715 = EDGE_LOOP ( 'NONE', ( #174, #917, #2806, #1543 ) ) ;
#716 = EDGE_CURVE ( 'NONE', #86, #1510, #1618, .T. ) ;
#717 = ORIENTED_EDGE ( 'NONE', *, *, #2660, .F. ) ;
#718 = DIRECTION ( 'NONE',  ( 0.0000000000000000000, 0.0000000000000000000, 1.000000000000000000 ) ) ;
#719 = ORIENTED_EDGE ( 'NONE', *, *, #2412, .F. ) ;
#720 = APPROVAL_ROLE ( '' ) ;
#721 = LINE ( 'NONE', #1264, #384 ) ;
#722 = EDGE_LOOP ( 'NONE', ( #817, #2651, #986, #1456 ) ) ;
#723 = DIRECTION ( 'NONE',  ( -1.000000000000000000, 0.0000000000000000000, 0.0000000000000000000 ) ) ;
#724 = VECTOR ( 'NONE', #1650, 1000.000000000000000 ) ;
#725 = CARTESIAN_POINT ( 'NONE',  ( 23.19018268626030732, -2.427226307507445737E-18, 5.000000000000000000 ) ) ;
#726 = AXIS2_PLACEMENT_3D ( 'NONE', #2683, #1745, #2699 ) ;
#727 = PLANE ( 'NONE',  #2274 ) ;
#728 = LINE ( 'NONE', #1320, #2888 ) ;
#729 = FACE_OUTER_BOUND ( 'NONE', #916, .T. ) ;
#730 = DIRECTION ( 'NONE',  ( 1.000000000000000000, 0.0000000000000000000, 0.0000000000000000000 ) ) ;
#731 = EDGE_LOOP ( 'NONE', ( #1555, #376, #2260, #2946 ) ) ;
#732 = VECTOR ( 'NONE', #1935, 1000.000000000000000 ) ;
#733 = EDGE_CURVE ( 'NONE', #2273, #1134, #1257, .T. ) ;
#734 = DIRECTION ( 'NONE',  ( 0.0000000000000000000, -1.000000000000000000, 0.0000000000000000000 ) ) ;
#735 = ORIENTED_EDGE ( 'NONE', *, *, #85, .F. ) ;
#736 = ADVANCED_FACE ( 'NONE', ( #2717 ), #2547, .T. ) ;
#737 = ORIENTED_EDGE ( 'NONE', *, *, #1326, .T. ) ;
#738 = DIRECTION ( 'NONE',  ( 0.0000000000000000000, 0.0000000000000000000, 1.000000000000000000 ) ) ;
#739 = LINE ( 'NONE', #340, #2465 ) ;
#740 = ORIENTED_EDGE ( 'NONE', *, *, #1919, .T. ) ;
#741 = CIRCLE ( 'NONE', #118, 2.400000000000000355 ) ;
#742 = DIRECTION ( 'NONE',  ( 0.0000000000000000000, -0.0000000000000000000, -1.000000000000000000 ) ) ;
#743 = ADVANCED_FACE ( 'NONE', ( #1764 ), #1399, .T. ) ;
#744 = CARTESIAN_POINT ( 'NONE',  ( -0.6000000000000000888, -1.199999999999999956, 5.000000000000000000 ) ) ;
#745 = FACE_OUTER_BOUND ( 'NONE', #1983, .T. ) ;
#746 = EDGE_CURVE ( 'NONE', #2140, #103, #924, .T. ) ;
#747 = ORIENTED_EDGE ( 'NONE', *, *, #150, .T. ) ;
#748 = AXIS2_PLACEMENT_3D ( 'NONE', #1627, #1140, #217 ) ;
#749 = ORIENTED_EDGE ( 'NONE', *, *, #423, .T. ) ;
#750 = AXIS2_PLACEMENT_3D ( 'NONE', #889, #1106, #419 ) ;
#751 = ADVANCED_FACE ( 'NONE', ( #990 ), #428, .T. ) ;
#752 = PLANE ( 'NONE',  #1805 ) ;
#753 = VERTEX_POINT ( 'NONE', #895 ) ;
#754 = CARTESIAN_POINT ( 'NONE',  ( -1.349999999999999867, -1.199999999999999956, 5.000000000000000000 ) ) ;
#755 = ORIENTED_EDGE ( 'NONE', *, *, #2035, .F. ) ;
#756 = ORIENTED_EDGE ( 'NONE', *, *, #2290, .T. ) ;
#757 = FACE_OUTER_BOUND ( 'NONE', #14, .T. ) ;
#758 = ORIENTED_EDGE ( 'NONE', *, *, #2896, .F. ) ;
#759 = DIRECTION ( 'NONE',  ( 0.0000000000000000000, 0.0000000000000000000, 1.000000000000000000 ) ) ;
#760 = EDGE_CURVE ( 'NONE', #1779, #2034, #2100, .T. ) ;
#761 = DIRECTION ( 'NONE',  ( 1.000000000000000000, 0.0000000000000000000, 0.0000000000000000000 ) ) ;
#762 = CARTESIAN_POINT ( 'NONE',  ( 18.09142857142856897, 32.44661709438346264, 5.000000000000000000 ) ) ;
#763 = CARTESIAN_POINT ( 'NONE',  ( -23.99999999999999289, -1.199999999999999956, 5.000000000000000000 ) ) ;
#764 = ORIENTED_EDGE ( 'NONE', *, *, #2023, .F. ) ;
#765 = CARTESIAN_POINT ( 'NONE',  ( -3.600000000000000089, -1.682731355976250009, 0.0000000000000000000 ) ) ;
#766 = SECURITY_CLASSIFICATION ( '', '', #2609 ) ;
#767 = LINE ( 'NONE', #1744, #2201 ) ;
#768 = LOCAL_TIME ( 14, 11, 14.00000000000000000, #2089 ) ;
#769 = AXIS2_PLACEMENT_3D ( 'NONE', #1535, #125, #359 ) ;
#770 = VECTOR ( 'NONE', #2511, 1000.000000000000000 ) ;
#771 = ORIENTED_EDGE ( 'NONE', *, *, #1473, .F. ) ;
#772 = DIRECTION ( 'NONE',  ( -1.000000000000000000, 1.780507966545111273E-15, 0.0000000000000000000 ) ) ;
#773 = VECTOR ( 'NONE', #506, 1000.000000000000114 ) ;
#774 = CARTESIAN_POINT ( 'NONE',  ( -18.02857142857142492, 32.84661709438346833, 0.0000000000000000000 ) ) ;
#775 = EDGE_CURVE ( 'NONE', #1759, #711, #1095, .T. ) ;
#776 = DIRECTION ( 'NONE',  ( -0.1552378339921334505, 0.9878771254044861339, 0.0000000000000000000 ) ) ;
#777 = LINE ( 'NONE', #1, #2275 ) ;
#778 = DIRECTION ( 'NONE',  ( -0.2913043449262716633, 0.9566304294904461880, -0.0000000000000000000 ) ) ;
#779 = EDGE_LOOP ( 'NONE', ( #1277, #1333, #605, #344 ) ) ;
#780 = CIRCLE ( 'NONE', #1644, 9.000000000000000000 ) ;
#781 = LINE ( 'NONE', #1231, #152 ) ;
#782 = DIRECTION ( 'NONE',  ( 0.0000000000000000000, -0.0000000000000000000, -1.000000000000000000 ) ) ;
#783 = CARTESIAN_POINT ( 'NONE',  ( -6.399999999999996803, 22.84661709438346477, 0.0000000000000000000 ) ) ;
#784 = CARTESIAN_POINT ( 'NONE',  ( 19.65932847383360027, 1.800000000000000266, 0.0000000000000000000 ) ) ;
#785 = EDGE_CURVE ( 'NONE', #321, #93, #511, .T. ) ;
#786 = CARTESIAN_POINT ( 'NONE',  ( 23.19018268626030732, -2.427226307507445737E-18, 0.0000000000000000000 ) ) ;
#787 = ORIENTED_EDGE ( 'NONE', *, *, #2113, .T. ) ;
#788 = DIRECTION ( 'NONE',  ( 0.0000000000000000000, 0.0000000000000000000, 1.000000000000000000 ) ) ;
#789 = AXIS2_PLACEMENT_3D ( 'NONE', #1305, #1062, #1987 ) ;
#790 = DIRECTION ( 'NONE',  ( -0.0000000000000000000, 0.0000000000000000000, 1.000000000000000000 ) ) ;
#791 = ORIENTED_EDGE ( 'NONE', *, *, #2868, .F. ) ;
#792 = CARTESIAN_POINT ( 'NONE',  ( -23.99999999999999289, -1.199999999999999956, 0.0000000000000000000 ) ) ;
#793 = ORIENTED_EDGE ( 'NONE', *, *, #2200, .F. ) ;
#794 = DIRECTION ( 'NONE',  ( 1.000000000000000000, 0.0000000000000000000, 0.0000000000000000000 ) ) ;
#795 = EDGE_CURVE ( 'NONE', #665, #2571, #477, .T. ) ;
#796 = ORIENTED_EDGE ( 'NONE', *, *, #1280, .F. ) ;
#797 = FACE_BOUND ( 'NONE', #1093, .T. ) ;
#798 = CARTESIAN_POINT ( 'NONE',  ( 3.599999999999999201, -1.199999999999999956, 5.000000000000000000 ) ) ;
#799 = DIRECTION ( 'NONE',  ( 0.0000000000000000000, 0.0000000000000000000, 1.000000000000000000 ) ) ;
#800 = DIRECTION ( 'NONE',  ( 0.0000000000000000000, 0.0000000000000000000, 1.000000000000000000 ) ) ;
#801 = ORIENTED_EDGE ( 'NONE', *, *, #313, .F. ) ;
#802 = VECTOR ( 'NONE', #1164, 1000.000000000000000 ) ;
#803 = CARTESIAN_POINT ( 'NONE',  ( -19.66285714285713837, 22.44661709438346264, 0.0000000000000000000 ) ) ;
#804 = FACE_OUTER_BOUND ( 'NONE', #296, .T. ) ;
#805 = EDGE_CURVE ( 'NONE', #365, #1821, #1684, .T. ) ;
#806 = DIRECTION ( 'NONE',  ( -0.1552378339921338390, -0.9878771254044861339, 0.0000000000000000000 ) ) ;
#807 = CIRCLE ( 'NONE', #69, 3.000000000000000000 ) ;
#808 = DIRECTION ( 'NONE',  ( 0.0000000000000000000, 0.0000000000000000000, 1.000000000000000000 ) ) ;
#809 = VERTEX_POINT ( 'NONE', #1611 ) ;
#810 = AXIS2_PLACEMENT_3D ( 'NONE', #456, #1846, #2999 ) ;
#811 = DIRECTION ( 'NONE',  ( 0.1552378339921336170, -0.9878771254044860228, 0.0000000000000000000 ) ) ;
#812 = LINE ( 'NONE', #1944, #732 ) ;
#813 = CARTESIAN_POINT ( 'NONE',  ( -24.12378498622083001, -4.226331501132321478, 0.0000000000000000000 ) ) ;
#814 = VERTEX_POINT ( 'NONE', #1815 ) ;
#815 = ORIENTED_EDGE ( 'NONE', *, *, #1933, .T. ) ;
#816 = VECTOR ( 'NONE', #575, 1000.000000000000000 ) ;
#817 = ORIENTED_EDGE ( 'NONE', *, *, #1712, .F. ) ;
#818 = VECTOR ( 'NONE', #646, 999.9999999999998863 ) ;
#819 = CARTESIAN_POINT ( 'NONE',  ( -2.318596016894392875, 2.027429198418875700, 0.0000000000000000000 ) ) ;
#820 = DIRECTION ( 'NONE',  ( 0.9878771254044861339, -0.1552378339921338390, 0.0000000000000000000 ) ) ;
#821 = EDGE_CURVE ( 'NONE', #2273, #2189, #1873, .T. ) ;
#822 = ORIENTED_EDGE ( 'NONE', *, *, #1295, .T. ) ;
#823 = ORIENTED_EDGE ( 'NONE', *, *, #2022, .T. ) ;
#824 = ORIENTED_EDGE ( 'NONE', *, *, #3048, .T. ) ;
#825 = DIRECTION ( 'NONE',  ( 1.000000000000000000, 0.0000000000000000000, 0.0000000000000000000 ) ) ;
#826 = ORIENTED_EDGE ( 'NONE', *, *, #995, .T. ) ;
#827 = AXIS2_PLACEMENT_3D ( 'NONE', #1680, #1704, #534 ) ;
#828 = DIRECTION ( 'NONE',  ( 1.000000000000000000, 0.0000000000000000000, 0.0000000000000000000 ) ) ;
#829 = DIRECTION ( 'NONE',  ( -0.0000000000000000000, -0.0000000000000000000, 1.000000000000000000 ) ) ;
#830 = EDGE_LOOP ( 'NONE', ( #216, #128, #3052, #1068 ) ) ;
#831 = ADVANCED_FACE ( 'NONE', ( #1946 ), #2993, .T. ) ;
#832 = VERTEX_POINT ( 'NONE', #398 ) ;
#833 = LINE ( 'NONE', #2447, #88 ) ;
#834 = EDGE_CURVE ( 'NONE', #2821, #1439, #1913, .T. ) ;
#835 = CARTESIAN_POINT ( 'NONE',  ( 18.09142857142856897, 32.44661709438346264, 0.0000000000000000000 ) ) ;
#836 = DIRECTION ( 'NONE',  ( -0.2913043449262716078, -0.9566304294904462990, 0.0000000000000000000 ) ) ;
#837 = LINE ( 'NONE', #3053, #1500 ) ;
#838 = LOCAL_TIME ( 14, 11, 14.00000000000000000, #1466 ) ;
#839 = EDGE_CURVE ( 'NONE', #65, #1363, #1548, .T. ) ;
#840 = VECTOR ( 'NONE', #446, 1000.000000000000000 ) ;
#841 = EDGE_LOOP ( 'NONE', ( #2339, #659, #584, #255 ) ) ;
#842 = ADVANCED_FACE ( 'NONE', ( #2427 ), #1172, .T. ) ;
#843 = CARTESIAN_POINT ( 'NONE',  ( -23.99999999999999289, -1.199999999999999956, 5.000000000000000000 ) ) ;
#844 = CARTESIAN_POINT ( 'NONE',  ( -16.51999999999999602, 42.44661709438346264, 5.000000000000000000 ) ) ;
#845 = FACE_OUTER_BOUND ( 'NONE', #2732, .T. ) ;
#846 = CARTESIAN_POINT ( 'NONE',  ( 6.399999999999996803, 22.84661709438346477, 0.0000000000000000000 ) ) ;
#847 = DIRECTION ( 'NONE',  ( -1.000000000000000000, 0.0000000000000000000, 0.0000000000000000000 ) ) ;
#848 = FACE_OUTER_BOUND ( 'NONE', #1613, .T. ) ;
#849 = ORIENTED_EDGE ( 'NONE', *, *, #1349, .F. ) ;
#850 = EDGE_CURVE ( 'NONE', #1382, #1197, #700, .T. ) ;
#851 = ORIENTED_EDGE ( 'NONE', *, *, #2947, .F. ) ;
#852 = LINE ( 'NONE', #1647, #2899 ) ;
#853 = ORIENTED_EDGE ( 'NONE', *, *, #1163, .F. ) ;
#854 = CARTESIAN_POINT ( 'NONE',  ( 14.88571428571432165, 52.84661709438346833, 0.0000000000000000000 ) ) ;
#855 = CARTESIAN_POINT ( 'NONE',  ( -21.17142857142856371, 12.84661709438346833, 0.0000000000000000000 ) ) ;
#856 = ORIENTED_EDGE ( 'NONE', *, *, #1078, .T. ) ;
#857 = CARTESIAN_POINT ( 'NONE',  ( 0.6000000000000000888, -1.199999999999999956, 5.000000000000000000 ) ) ;
#858 = AXIS2_PLACEMENT_3D ( 'NONE', #58, #2670, #1282 ) ;
#859 = ORIENTED_EDGE ( 'NONE', *, *, #2403, .F. ) ;
#860 = ORIENTED_EDGE ( 'NONE', *, *, #2421, .F. ) ;
#861 = AXIS2_PLACEMENT_3D ( 'NONE', #1070, #1792, #1814 ) ;
#862 = DIRECTION ( 'NONE',  ( 0.0000000000000000000, 0.0000000000000000000, 1.000000000000000000 ) ) ;
#863 = ORIENTED_EDGE ( 'NONE', *, *, #805, .T. ) ;
#864 = LINE ( 'NONE', #1522, #2702 ) ;
#865 = DIRECTION ( 'NONE',  ( 1.000000000000000000, 0.0000000000000000000, 0.0000000000000000000 ) ) ;
#866 = VERTEX_POINT ( 'NONE', #1429 ) ;
#867 = LINE ( 'NONE', #961, #421 ) ;
#868 = EDGE_CURVE ( 'NONE', #925, #1216, #2861, .T. ) ;
#869 = CARTESIAN_POINT ( 'NONE',  ( -21.25389369774948989, -3.352418466353507043, 5.000000000000000000 ) ) ;
#870 = ADVANCED_FACE ( 'NONE', ( #2245 ), #699, .T. ) ;
#871 = LINE ( 'NONE', #492, #2923 ) ;
#872 = CARTESIAN_POINT ( 'NONE',  ( -11.11428571428571566, 52.84661709438346833, 0.0000000000000000000 ) ) ;
#873 = DIRECTION ( 'NONE',  ( -0.0000000000000000000, -0.0000000000000000000, -1.000000000000000000 ) ) ;
#874 = LINE ( 'NONE', #1117, #2092 ) ;
#875 = DIRECTION ( 'NONE',  ( 0.9878771254044861339, -0.1552378339921338390, 0.0000000000000000000 ) ) ;
#876 = FACE_BOUND ( 'NONE', #2228, .T. ) ;
#877 = VERTEX_POINT ( 'NONE', #1196 ) ;
#878 = VECTOR ( 'NONE', #357, 1000.000000000000000 ) ;
#879 = ORIENTED_EDGE ( 'NONE', *, *, #1253, .T. ) ;
#880 = ORIENTED_EDGE ( 'NONE', *, *, #1237, .F. ) ;
#881 = AXIS2_PLACEMENT_3D ( 'NONE', #1809, #2934, #2703 ) ;
#882 = LINE ( 'NONE', #1665, #2172 ) ;
#883 = DIRECTION ( 'NONE',  ( 0.0000000000000000000, -0.0000000000000000000, -1.000000000000000000 ) ) ;
#884 = CARTESIAN_POINT ( 'NONE',  ( -1.800000000000000044, -0.5999999999999999778, 0.0000000000000000000 ) ) ;
#885 = ORIENTED_EDGE ( 'NONE', *, *, #1560, .T. ) ;
#886 = FACE_OUTER_BOUND ( 'NONE', #1030, .T. ) ;
#887 = DIRECTION ( 'NONE',  ( -0.0000000000000000000, 0.0000000000000000000, -1.000000000000000000 ) ) ;
#888 = CARTESIAN_POINT ( 'NONE',  ( 11.11428571428571566, 52.84661709438346833, 5.000000000000000000 ) ) ;
#889 = CARTESIAN_POINT ( 'NONE',  ( 0.0000000000000000000, -14.38233764908628309, 0.0000000000000000000 ) ) ;
#890 = VECTOR ( 'NONE', #2885, 1000.000000000000227 ) ;
#891 = EDGE_CURVE ( 'NONE', #1674, #1811, #71, .T. ) ;
#892 = ORIENTED_EDGE ( 'NONE', *, *, #2094, .T. ) ;
#893 = DIRECTION ( 'NONE',  ( -1.000000000000000000, 0.0000000000000000000, 0.0000000000000000000 ) ) ;
#894 = VERTEX_POINT ( 'NONE', #1637 ) ;
#895 = CARTESIAN_POINT ( 'NONE',  ( 4.765714285714280685, 12.44661709438345909, 5.000000000000000000 ) ) ;
#896 = DIRECTION ( 'NONE',  ( 1.000000000000000000, 0.0000000000000000000, 0.0000000000000000000 ) ) ;
#897 = VERTEX_POINT ( 'NONE', #935 ) ;
#898 = EDGE_CURVE ( 'NONE', #198, #1134, #777, .T. ) ;
#899 = VERTEX_POINT ( 'NONE', #1867 ) ;
#900 = ORIENTED_EDGE ( 'NONE', *, *, #1046, .F. ) ;
#901 = PLANE ( 'NONE',  #1243 ) ;
#902 = AXIS2_PLACEMENT_3D ( 'NONE', #1149, #883, #1360 ) ;
#903 = VERTEX_POINT ( 'NONE', #2110 ) ;
#904 = APPLICATION_CONTEXT ( 'configuration controlled 3d designs of mechanical parts and assemblies' ) ;
#905 = FACE_BOUND ( 'NONE', #2357, .T. ) ;
#906 = ADVANCED_FACE ( 'NONE', ( #848 ), #1859, .F. ) ;
#907 = AXIS2_PLACEMENT_3D ( 'NONE', #1332, #2500, #1777 ) ;
#908 = DIRECTION ( 'NONE',  ( 0.2913043449262718854, 0.9566304294904461880, -0.0000000000000000000 ) ) ;
#909 = DIRECTION ( 'NONE',  ( 0.1552378339921333672, 0.9878771254044861339, 0.0000000000000000000 ) ) ;
#910 = CARTESIAN_POINT ( 'NONE',  ( 0.6000000000000000888, -1.199999999999999956, 5.000000000000000000 ) ) ;
#911 = CARTESIAN_POINT ( 'NONE',  ( -9.611509172931219425, -41.58548811414296154, 0.0000000000000000000 ) ) ;
#912 = VECTOR ( 'NONE', #953, 1000.000000000000000 ) ;
#913 = ORIENTED_EDGE ( 'NONE', *, *, #1760, .F. ) ;
#914 =( NAMED_UNIT ( * ) PLANE_ANGLE_UNIT ( ) SI_UNIT ( $, .RADIAN. ) );
#915 = VECTOR ( 'NONE', #1029, 1000.000000000000000 ) ;
#916 = EDGE_LOOP ( 'NONE', ( #2528, #962, #2046, #2761 ) ) ;
#917 = ORIENTED_EDGE ( 'NONE', *, *, #684, .T. ) ;
#918 = EDGE_CURVE ( 'NONE', #2407, #1425, #1476, .T. ) ;
#919 = EDGE_CURVE ( 'NONE', #2743, #2360, #2576, .T. ) ;
#920 = CARTESIAN_POINT ( 'NONE',  ( -11.05142857142857160, 52.44661709438347685, 5.000000000000000000 ) ) ;
#921 = VECTOR ( 'NONE', #1920, 1000.000000000000000 ) ;
#922 = CARTESIAN_POINT ( 'NONE',  ( -22.35221977631104906, -1.805266300226465503, 0.0000000000000000000 ) ) ;
#923 = CC_DESIGN_APPROVAL ( #587, ( #766 ) ) ;
#924 = LINE ( 'NONE', #2050, #2314 ) ;
#925 = VERTEX_POINT ( 'NONE', #2801 ) ;
#926 = LINE ( 'NONE', #1033, #2827 ) ;
#927 = DIRECTION ( 'NONE',  ( 0.0000000000000000000, -0.0000000000000000000, -1.000000000000000000 ) ) ;
#928 = VERTEX_POINT ( 'NONE', #688 ) ;
#929 = CARTESIAN_POINT ( 'NONE',  ( -23.19018268626025048, -2.495874921891080997E-15, 5.000000000000000000 ) ) ;
#930 = ORIENTED_EDGE ( 'NONE', *, *, #2910, .F. ) ;
#931 = EDGE_CURVE ( 'NONE', #2604, #899, #1798, .T. ) ;
#932 = PLANE ( 'NONE',  #1727 ) ;
#933 = ORIENTED_EDGE ( 'NONE', *, *, #2035, .T. ) ;
#934 = ADVANCED_FACE ( 'NONE', ( #1329 ), #1409, .T. ) ;
#935 = CARTESIAN_POINT ( 'NONE',  ( 12.50606143729776321, 66.85675460098573808, 0.0000000000000000000 ) ) ;
#936 = EDGE_LOOP ( 'NONE', ( #900, #343, #1769, #1256 ) ) ;
#937 = DIRECTION ( 'NONE',  ( 0.0000000000000000000, 1.000000000000000000, 0.0000000000000000000 ) ) ;
#938 = EDGE_LOOP ( 'NONE', ( #487, #2149, #740, #2484 ) ) ;
#939 = FACE_OUTER_BOUND ( 'NONE', #2180, .T. ) ;
#940 = EDGE_CURVE ( 'NONE', #43, #1007, #1182, .T. ) ;
#941 = AXIS2_PLACEMENT_3D ( 'NONE', #201, #2095, #189 ) ;
#942 = CARTESIAN_POINT ( 'NONE',  ( -4.828571428571423851, 12.84661709438346477, 0.0000000000000000000 ) ) ;
#943 = VECTOR ( 'NONE', #1596, 1000.000000000000000 ) ;
#944 = DESIGN_CONTEXT ( 'detailed design', #1185, 'design' ) ;
#945 = PLANE ( 'NONE',  #2495 ) ;
#946 = VECTOR ( 'NONE', #2886, 1000.000000000000000 ) ;
#947 = DATE_AND_TIME ( #2126, #1537 ) ;
#948 = EDGE_CURVE ( 'NONE', #703, #2464, #2389, .T. ) ;
#949 = DIRECTION ( 'NONE',  ( 1.003559035689062169E-15, 1.000000000000000000, -0.0000000000000000000 ) ) ;
#950 = VECTOR ( 'NONE', #2470, 1000.000000000000227 ) ;
#951 = LINE ( 'NONE', #2475, #1717 ) ;
#952 = ORIENTED_EDGE ( 'NONE', *, *, #2164, .T. ) ;
#953 = DIRECTION ( 'NONE',  ( -0.0000000000000000000, -0.0000000000000000000, -1.000000000000000000 ) ) ;
#954 = LINE ( 'NONE', #1926, #356 ) ;
#955 = ORIENTED_EDGE ( 'NONE', *, *, #1718, .T. ) ;
#956 = VERTEX_POINT ( 'NONE', #482 ) ;
#957 = CARTESIAN_POINT ( 'NONE',  ( 10.20000000000000107, -14.38233764908628309, 5.000000000000000000 ) ) ;
#958 = FACE_OUTER_BOUND ( 'NONE', #2351, .T. ) ;
#959 = CARTESIAN_POINT ( 'NONE',  ( -18.09142857142856897, 32.44661709438346264, 0.0000000000000000000 ) ) ;
#960 = EDGE_CURVE ( 'NONE', #2219, #1371, #2970, .T. ) ;
#961 = CARTESIAN_POINT ( 'NONE',  ( 7.971428571428570642, 32.84661709438346833, 0.0000000000000000000 ) ) ;
#962 = ORIENTED_EDGE ( 'NONE', *, *, #395, .F. ) ;
#963 = LINE ( 'NONE', #872, #2647 ) ;
#964 = DIRECTION ( 'NONE',  ( -0.1552378339921338390, -0.9878771254044861339, 0.0000000000000000000 ) ) ;
#965 = CC_DESIGN_PERSON_AND_ORGANIZATION_ASSIGNMENT ( #2457, #11, ( #1999 ) ) ;
#966 = VECTOR ( 'NONE', #887, 1000.000000000000000 ) ;
#967 = AXIS2_PLACEMENT_3D ( 'NONE', #461, #1660, #972 ) ;
#968 = EDGE_LOOP ( 'NONE', ( #1985, #2692, #2008, #2595 ) ) ;
#969 = CARTESIAN_POINT ( 'NONE',  ( -23.19018268626025048, -2.495874921891080997E-15, 5.000000000000000000 ) ) ;
#970 = DIRECTION ( 'NONE',  ( 1.000000000000000000, 0.0000000000000000000, 0.0000000000000000000 ) ) ;
#971 = ORIENTED_EDGE ( 'NONE', *, *, #2937, .F. ) ;
#972 = DIRECTION ( 'NONE',  ( 0.2913043449262719964, -0.9566304294904461880, 0.0000000000000000000 ) ) ;
#973 = EDGE_CURVE ( 'NONE', #2407, #636, #257, .T. ) ;
#974 = VERTEX_POINT ( 'NONE', #2644 ) ;
#975 = VERTEX_POINT ( 'NONE', #517 ) ;
#976 = EDGE_CURVE ( 'NONE', #1779, #165, #213, .T. ) ;
#977 = AXIS2_PLACEMENT_3D ( 'NONE', #2779, #2308, #2288 ) ;
#978 = DIRECTION ( 'NONE',  ( -0.1552378339921338390, -0.9878771254044861339, 0.0000000000000000000 ) ) ;
#979 = ORIENTED_EDGE ( 'NONE', *, *, #2512, .F. ) ;
#980 = CARTESIAN_POINT ( 'NONE',  ( -12.50606143729775965, 66.85675460098572387, 5.000000000000000000 ) ) ;
#981 = AXIS2_PLACEMENT_3D ( 'NONE', #2848, #1488, #2636 ) ;
#982 = DIRECTION ( 'NONE',  ( 1.000000000000000000, 1.003559035689062169E-15, 0.0000000000000000000 ) ) ;
#983 = LINE ( 'NONE', #205, #1752 ) ;
#984 = ORIENTED_EDGE ( 'NONE', *, *, #1193, .T. ) ;
#985 = LINE ( 'NONE', #792, #1020 ) ;
#986 = ORIENTED_EDGE ( 'NONE', *, *, #2832, .T. ) ;
#987 = EDGE_CURVE ( 'NONE', #2718, #382, #2535, .T. ) ;
#988 = EDGE_LOOP ( 'NONE', ( #308, #2803, #1871, #29 ) ) ;
#989 = VECTOR ( 'NONE', #2903, 1000.000000000000000 ) ;
#990 = FACE_OUTER_BOUND ( 'NONE', #2079, .T. ) ;
#991 = VERTEX_POINT ( 'NONE', #46 ) ;
#992 = CARTESIAN_POINT ( 'NONE',  ( 14.94857142857142485, 52.44661709438346975, 0.0000000000000000000 ) ) ;
#993 = CARTESIAN_POINT ( 'NONE',  ( -23.19018268626025048, -2.495874921891080997E-15, 0.0000000000000000000 ) ) ;
#994 = FACE_OUTER_BOUND ( 'NONE', #527, .T. ) ;
#995 = EDGE_CURVE ( 'NONE', #2191, #1722, #142, .T. ) ;
#996 = CARTESIAN_POINT ( 'NONE',  ( -9.757630380802542192, -47.97130431824796659, 5.000000000000000000 ) ) ;
#997 = CARTESIAN_POINT ( 'NONE',  ( -9.542857142857140929, 42.84661709438346122, 0.0000000000000000000 ) ) ;
#998 = ORIENTED_EDGE ( 'NONE', *, *, #655, .F. ) ;
#999 = ORIENTED_EDGE ( 'NONE', *, *, #2868, .T. ) ;
#1000 = CARTESIAN_POINT ( 'NONE',  ( 4.765714285714280685, 12.44661709438345909, 0.0000000000000000000 ) ) ;
#1001 = ORIENTED_EDGE ( 'NONE', *, *, #2690, .F. ) ;
#1002 = EDGE_CURVE ( 'NONE', #2568, #753, #1910, .T. ) ;
#1003 = CARTESIAN_POINT ( 'NONE',  ( -21.17142857142857082, 12.84661709438346477, 0.0000000000000000000 ) ) ;
#1004 = ORIENTED_EDGE ( 'NONE', *, *, #1238, .F. ) ;
#1005 = DIRECTION ( 'NONE',  ( -1.000000000000000000, 1.508160174060822443E-16, -0.0000000000000000000 ) ) ;
#1006 = DIRECTION ( 'NONE',  ( 0.0000000000000000000, 0.0000000000000000000, 1.000000000000000000 ) ) ;
#1007 = VERTEX_POINT ( 'NONE', #2872 ) ;
#1008 = FACE_BOUND ( 'NONE', #1105, .T. ) ;
#1009 = VECTOR ( 'NONE', #1384, 1000.000000000000000 ) ;
#1010 = DIRECTION ( 'NONE',  ( -0.1552378339921337003, 0.9878771254044860228, 0.0000000000000000000 ) ) ;
#1011 = AXIS2_PLACEMENT_3D ( 'NONE', #377, #2736, #2517 ) ;
#1012 = CARTESIAN_POINT ( 'NONE',  ( -21.17142857142857082, 12.84661709438346477, 0.0000000000000000000 ) ) ;
#1013 = CIRCLE ( 'NONE', #328, 10.20000000000000107 ) ;
#1014 = APPROVAL_PERSON_ORGANIZATION ( #283, #1110, #720 ) ;
#1015 = AXIS2_PLACEMENT_3D ( 'NONE', #1021, #1507, #811 ) ;
#1016 = DIRECTION ( 'NONE',  ( 1.000000000000000000, 0.0000000000000000000, 0.0000000000000000000 ) ) ;
#1017 = LINE ( 'NONE', #1121, #1357 ) ;
#1018 = FACE_BOUND ( 'NONE', #1350, .T. ) ;
#1019 = VERTEX_POINT ( 'NONE', #1217 ) ;
#1020 = VECTOR ( 'NONE', #1016, 1000.000000000000000 ) ;
#1021 = CARTESIAN_POINT ( 'NONE',  ( -13.00000000000000178, 64.84661709438347543, 5.000000000000000000 ) ) ;
#1022 = ORIENTED_EDGE ( 'NONE', *, *, #1383, .F. ) ;
#1023 = CARTESIAN_POINT ( 'NONE',  ( 2.318596016894399980, 2.027429198418882361, 5.000000000000000000 ) ) ;
#1024 = CARTESIAN_POINT ( 'NONE',  ( 11.11428571428571566, 52.84661709438346833, 0.0000000000000000000 ) ) ;
#1025 = EDGE_CURVE ( 'NONE', #488, #658, #882, .T. ) ;
#1026 = CARTESIAN_POINT ( 'NONE',  ( 16.51999999999999602, 42.44661709438346264, 5.000000000000000000 ) ) ;
#1027 = VECTOR ( 'NONE', #908, 1000.000000000000000 ) ;
#1028 = ORIENTED_EDGE ( 'NONE', *, *, #2082, .F. ) ;
#1029 = DIRECTION ( 'NONE',  ( -1.000000000000000000, -1.077257267186296938E-16, 0.0000000000000000000 ) ) ;
#1030 = EDGE_LOOP ( 'NONE', ( #361, #1607, #1834, #717 ) ) ;
#1031 = LINE ( 'NONE', #762, #409 ) ;
#1032 = PLANE ( 'NONE',  #2224 ) ;
#1033 = CARTESIAN_POINT ( 'NONE',  ( -7.971428571428570642, 32.84661709438346833, 5.000000000000000000 ) ) ;
#1034 = ORIENTED_EDGE ( 'NONE', *, *, #342, .F. ) ;
#1035 = DIRECTION ( 'NONE',  ( 1.000000000000000000, 0.0000000000000000000, 0.0000000000000000000 ) ) ;
#1036 = ORIENTED_EDGE ( 'NONE', *, *, #1405, .T. ) ;
#1037 = CARTESIAN_POINT ( 'NONE',  ( 0.0000000000000000000, -14.38233764908628309, 0.0000000000000000000 ) ) ;
#1038 = ADVANCED_FACE ( 'NONE', ( #2387 ), #1686, .T. ) ;
#1039 = VERTEX_POINT ( 'NONE', #2400 ) ;
#1040 = EDGE_CURVE ( 'NONE', #2189, #365, #1367, .T. ) ;
#1041 = EDGE_LOOP ( 'NONE', ( #930, #1512, #10, #849 ) ) ;
#1042 = CARTESIAN_POINT ( 'NONE',  ( -2.318596016894392875, 2.027429198418875700, 5.000000000000000000 ) ) ;
#1043 = CARTESIAN_POINT ( 'NONE',  ( -8.999999999999994671, -45.00000000000000000, 0.0000000000000000000 ) ) ;
#1044 = ORIENTED_EDGE ( 'NONE', *, *, #760, .F. ) ;
#1045 = VECTOR ( 'NONE', #734, 1000.000000000000000 ) ;
#1046 = EDGE_CURVE ( 'NONE', #289, #1811, #2640, .T. ) ;
#1047 = DIRECTION ( 'NONE',  ( 1.000000000000000000, 1.003559035689062169E-15, 0.0000000000000000000 ) ) ;
#1048 = LINE ( 'NONE', #1765, #430 ) ;
#1049 = APPROVAL_DATE_TIME ( #2494, #587 ) ;
#1050 = PLANE ( 'NONE',  #1882 ) ;
#1051 = ORIENTED_EDGE ( 'NONE', *, *, #2313, .T. ) ;
#1052 = CARTESIAN_POINT ( 'NONE',  ( 19.65932847383360027, 1.800000000000000266, 5.000000000000000000 ) ) ;
#1053 = LINE ( 'NONE', #1693, #1091 ) ;
#1054 = EDGE_LOOP ( 'NONE', ( #879, #1678, #642, #2472 ) ) ;
#1055 = CARTESIAN_POINT ( 'NONE',  ( -13.00000000000000178, 64.84661709438347543, 5.000000000000000000 ) ) ;
#1056 = ORIENTED_EDGE ( 'NONE', *, *, #2353, .T. ) ;
#1057 = EDGE_CURVE ( 'NONE', #1232, #1304, #292, .T. ) ;
#1058 = VECTOR ( 'NONE', #2162, 1000.000000000000000 ) ;
#1059 = DIRECTION ( 'NONE',  ( 0.0000000000000000000, 0.0000000000000000000, 1.000000000000000000 ) ) ;
#1060 = VECTOR ( 'NONE', #1343, 999.9999999999998863 ) ;
#1061 = DIRECTION ( 'NONE',  ( 1.000000000000000000, 0.0000000000000000000, 0.0000000000000000000 ) ) ;
#1062 = DIRECTION ( 'NONE',  ( 0.0000000000000000000, 0.0000000000000000000, 1.000000000000000000 ) ) ;
#1063 = FACE_OUTER_BOUND ( 'NONE', #1941, .T. ) ;
#1064 = CARTESIAN_POINT ( 'NONE',  ( -16.51999999999999957, 42.44661709438346264, 0.0000000000000000000 ) ) ;
#1065 = CARTESIAN_POINT ( 'NONE',  ( -24.12378498622083001, -4.226331501132321478, 5.000000000000000000 ) ) ;
#1066 = ORIENTED_EDGE ( 'NONE', *, *, #1539, .T. ) ;
#1067 = EDGE_CURVE ( 'NONE', #2244, #894, #1546, .T. ) ;
#1068 = ORIENTED_EDGE ( 'NONE', *, *, #1687, .T. ) ;
#1069 = AXIS2_PLACEMENT_3D ( 'NONE', #271, #485, #502 ) ;
#1070 = CARTESIAN_POINT ( 'NONE',  ( -13.00000000000000711, 66.77913568398966504, 0.0000000000000000000 ) ) ;
#1071 = DIRECTION ( 'NONE',  ( 1.000000000000000000, 0.0000000000000000000, 0.0000000000000000000 ) ) ;
#1072 = EDGE_LOOP ( 'NONE', ( #1924, #1807, #1816, #1066 ) ) ;
#1073 = AXIS2_PLACEMENT_3D ( 'NONE', #1344, #2723, #2975 ) ;
#1074 = DIRECTION ( 'NONE',  ( -0.1552378339921338390, -0.9878771254044861339, 0.0000000000000000000 ) ) ;
#1075 = ORIENTED_EDGE ( 'NONE', *, *, #2448, .T. ) ;
#1076 = ORIENTED_EDGE ( 'NONE', *, *, #1097, .F. ) ;
#1077 = FACE_BOUND ( 'NONE', #968, .T. ) ;
#1078 = EDGE_CURVE ( 'NONE', #103, #2474, #2097, .T. ) ;
#1079 = DIRECTION ( 'NONE',  ( 1.000000000000000000, 0.0000000000000000000, 0.0000000000000000000 ) ) ;
#1080 = VECTOR ( 'NONE', #3022, 1000.000000000000000 ) ;
#1081 = ADVANCED_FACE ( 'NONE', ( #845 ), #752, .T. ) ;
#1082 = DIRECTION ( 'NONE',  ( 0.2913043449262719964, -0.9566304294904461880, 0.0000000000000000000 ) ) ;
#1083 = CARTESIAN_POINT ( 'NONE',  ( -23.99999999999999289, -1.199999999999999956, 5.000000000000000000 ) ) ;
#1084 = DIRECTION ( 'NONE',  ( -1.000000000000000000, 1.003559035689062169E-15, 0.0000000000000000000 ) ) ;
#1085 = PRODUCT_DEFINITION_SHAPE ( 'NONE', 'NONE',  #2332 ) ;
#1086 = DIRECTION ( 'NONE',  ( 1.000000000000000000, 0.0000000000000000000, 0.0000000000000000000 ) ) ;
#1087 = DATE_AND_TIME ( #2301, #838 ) ;
#1088 = EDGE_CURVE ( 'NONE', #1481, #877, #363, .T. ) ;
#1089 = LINE ( 'NONE', #1750, #319 ) ;
#1090 = ORIENTED_EDGE ( 'NONE', *, *, #1097, .T. ) ;
#1091 = VECTOR ( 'NONE', #778, 1000.000000000000114 ) ;
#1092 = DIRECTION ( 'NONE',  ( -0.1552378339921336448, 0.9878771254044861339, -0.0000000000000000000 ) ) ;
#1093 = EDGE_LOOP ( 'NONE', ( #253, #1519, #689 ) ) ;
#1094 = CARTESIAN_POINT ( 'NONE',  ( -9.000000000000000000, -14.38233764908628132, 5.000000000000000000 ) ) ;
#1095 = LINE ( 'NONE', #1602, #1060 ) ;
#1096 = ORIENTED_EDGE ( 'NONE', *, *, #1812, .T. ) ;
#1097 = EDGE_CURVE ( 'NONE', #515, #1993, #1945, .T. ) ;
#1098 = ORIENTED_EDGE ( 'NONE', *, *, #960, .F. ) ;
#1099 = LINE ( 'NONE', #2347, #1513 ) ;
#1100 = ORIENTED_EDGE ( 'NONE', *, *, #2412, .T. ) ;
#1101 = CARTESIAN_POINT ( 'NONE',  ( 18.09142857142856897, 32.44661709438346264, 5.000000000000000000 ) ) ;
#1102 = VECTOR ( 'NONE', #1688, 1000.000000000000000 ) ;
#1103 = ORIENTED_EDGE ( 'NONE', *, *, #2726, .F. ) ;
#1104 = CARTESIAN_POINT ( 'NONE',  ( 3.599999999999999201, -1.199999999999999956, 5.000000000000000000 ) ) ;
#1105 = EDGE_LOOP ( 'NONE', ( #2510, #634, #859, #1001 ) ) ;
#1106 = DIRECTION ( 'NONE',  ( 0.0000000000000000000, 0.0000000000000000000, 1.000000000000000000 ) ) ;
#1107 = EDGE_CURVE ( 'NONE', #1527, #2034, #1762, .T. ) ;
#1108 = EDGE_LOOP ( 'NONE', ( #143, #1651, #597, #1997 ) ) ;
#1109 = ORIENTED_EDGE ( 'NONE', *, *, #2665, .F. ) ;
#1110 = APPROVAL ( #1865, 'UNSPECIFIED' ) ;
#1111 = CARTESIAN_POINT ( 'NONE',  ( 14.88571428571428257, 52.84661709438346833, 5.000000000000000000 ) ) ;
#1112 = ADVANCED_FACE ( 'NONE', ( #1138 ), #496, .F. ) ;
#1113 = CARTESIAN_POINT ( 'NONE',  ( -4.828571428571422075, 12.84661709438345056, 0.0000000000000000000 ) ) ;
#1114 = AXIS2_PLACEMENT_3D ( 'NONE', #2798, #190, #1328 ) ;
#1115 = DIRECTION ( 'NONE',  ( -1.000000000000000000, 0.0000000000000000000, 0.0000000000000000000 ) ) ;
#1116 = ORIENTED_EDGE ( 'NONE', *, *, #1272, .F. ) ;
#1117 = CARTESIAN_POINT ( 'NONE',  ( -9.542857142857140929, 42.84661709438346122, 5.000000000000000000 ) ) ;
#1118 = CARTESIAN_POINT ( 'NONE',  ( -23.19018268626025048, -2.495874921891080997E-15, 5.000000000000000000 ) ) ;
#1119 = ORIENTED_EDGE ( 'NONE', *, *, #474, .F. ) ;
#1120 = FACE_OUTER_BOUND ( 'NONE', #1072, .T. ) ;
#1121 = CARTESIAN_POINT ( 'NONE',  ( 2.781818181818181746, -4.569005513501256388, 0.0000000000000000000 ) ) ;
#1122 = EDGE_CURVE ( 'NONE', #65, #2152, #507, .T. ) ;
#1123 = ORIENTED_EDGE ( 'NONE', *, *, #655, .T. ) ;
#1124 = DIRECTION ( 'NONE',  ( 1.000000000000000000, 0.0000000000000000000, 0.0000000000000000000 ) ) ;
#1125 = LINE ( 'NONE', #2159, #1167 ) ;
#1126 = CARTESIAN_POINT ( 'NONE',  ( -23.99999999999999289, 0.0000000000000000000, 5.000000000000000000 ) ) ;
#1127 = DATE_AND_TIME ( #1168, #617 ) ;
#1128 = EDGE_CURVE ( 'NONE', #1347, #2244, #36, .T. ) ;
#1129 = EDGE_CURVE ( 'NONE', #956, #1912, #2932, .T. ) ;
#1130 = VERTEX_POINT ( 'NONE', #2668 ) ;
#1131 = DIRECTION ( 'NONE',  ( 0.2913043449262718854, 0.9566304294904461880, -0.0000000000000000000 ) ) ;
#1132 = ORIENTED_EDGE ( 'NONE', *, *, #1390, .F. ) ;
#1133 = FACE_OUTER_BOUND ( 'NONE', #1509, .T. ) ;
#1134 = VERTEX_POINT ( 'NONE', #78 ) ;
#1135 = CARTESIAN_POINT ( 'NONE',  ( 19.66285714285713837, 22.44661709438346264, 0.0000000000000000000 ) ) ;
#1136 = ORIENTED_EDGE ( 'NONE', *, *, #519, .T. ) ;
#1137 = AXIS2_PLACEMENT_3D ( 'NONE', #164, #2491, #2471 ) ;
#1138 = FACE_OUTER_BOUND ( 'NONE', #1139, .T. ) ;
#1139 = EDGE_LOOP ( 'NONE', ( #1276, #735, #2012, #1420 ) ) ;
#1140 = DIRECTION ( 'NONE',  ( 0.0000000000000000000, 0.0000000000000000000, 1.000000000000000000 ) ) ;
#1141 = DIRECTION ( 'NONE',  ( 0.0000000000000000000, 0.0000000000000000000, 1.000000000000000000 ) ) ;
#1142 = VECTOR ( 'NONE', #862, 1000.000000000000000 ) ;
#1143 = CARTESIAN_POINT ( 'NONE',  ( -11.05142857142857160, 52.44661709438347685, 0.0000000000000000000 ) ) ;
#1144 = ORIENTED_EDGE ( 'NONE', *, *, #1982, .T. ) ;
#1145 = ORIENTED_EDGE ( 'NONE', *, *, #1129, .T. ) ;
#1146 = EDGE_CURVE ( 'NONE', #2743, #2727, #1327, .T. ) ;
#1147 = DIRECTION ( 'NONE',  ( 1.780507966545111273E-15, 1.000000000000000000, -0.0000000000000000000 ) ) ;
#1148 = EDGE_LOOP ( 'NONE', ( #2293, #450, #1338, #1951 ) ) ;
#1149 = CARTESIAN_POINT ( 'NONE',  ( 3.600000000000000089, -1.682731355976250009, 5.000000000000000000 ) ) ;
#1150 = ADVANCED_FACE ( 'NONE', ( #2790 ), #312, .T. ) ;
#1151 = ORIENTED_EDGE ( 'NONE', *, *, #1326, .F. ) ;
#1152 = DIRECTION ( 'NONE',  ( 0.9878771254044861339, -0.1552378339921333672, 0.0000000000000000000 ) ) ;
#1153 = ORIENTED_EDGE ( 'NONE', *, *, #1550, .T. ) ;
#1154 = CARTESIAN_POINT ( 'NONE',  ( -21.90932847383360382, -1.199999999999999956, 0.0000000000000000000 ) ) ;
#1155 = EDGE_CURVE ( 'NONE', #1158, #2568, #2211, .T. ) ;
#1156 = VERTEX_POINT ( 'NONE', #2638 ) ;
#1157 = CARTESIAN_POINT ( 'NONE',  ( -16.45714285714285552, 42.84661709438346833, 0.0000000000000000000 ) ) ;
#1158 = VERTEX_POINT ( 'NONE', #70 ) ;
#1159 = DIRECTION ( 'NONE',  ( 0.0000000000000000000, -0.0000000000000000000, -1.000000000000000000 ) ) ;
#1160 = FACE_BOUND ( 'NONE', #463, .T. ) ;
#1161 = DIRECTION ( 'NONE',  ( -0.1552378339921337003, 0.9878771254044860228, 0.0000000000000000000 ) ) ;
#1162 = LINE ( 'NONE', #725, #1822 ) ;
#1163 = EDGE_CURVE ( 'NONE', #1821, #2273, #2858, .T. ) ;
#1164 = DIRECTION ( 'NONE',  ( -0.0000000000000000000, 1.000000000000000000, -0.0000000000000000000 ) ) ;
#1165 = ADVANCED_FACE ( 'NONE', ( #2139 ), #92, .T. ) ;
#1166 = DIRECTION ( 'NONE',  ( -0.9566304294904462990, 0.2913043449262716078, 0.0000000000000000000 ) ) ;
#1167 = VECTOR ( 'NONE', #1406, 1000.000000000000000 ) ;
#1168 = CALENDAR_DATE ( 2019, 23, 5 ) ;
#1169 = VERTEX_POINT ( 'NONE', #1942 ) ;
#1170 = VECTOR ( 'NONE', #197, 1000.000000000000000 ) ;
#1171 = FACE_BOUND ( 'NONE', #1219, .T. ) ;
#1172 = PLANE ( 'NONE',  #1498 ) ;
#1173 = ORIENTED_EDGE ( 'NONE', *, *, #211, .T. ) ;
#1174 = DIRECTION ( 'NONE',  ( -0.1552378339921333950, -0.9878771254044861339, -0.0000000000000000000 ) ) ;
#1175 = CARTESIAN_POINT ( 'NONE',  ( -7.971428571428570642, 32.84661709438346833, 0.0000000000000000000 ) ) ;
#1176 = AXIS2_PLACEMENT_3D ( 'NONE', #1486, #67, #2215 ) ;
#1177 = FACE_OUTER_BOUND ( 'NONE', #2826, .T. ) ;
#1178 = CARTESIAN_POINT ( 'NONE',  ( -2.935531599454017648, 0.7999999999999812816, 5.000000000000000000 ) ) ;
#1179 = ORIENTED_EDGE ( 'NONE', *, *, #733, .T. ) ;
#1180 = PLANE ( 'NONE',  #2070 ) ;
#1181 = AXIS2_PLACEMENT_3D ( 'NONE', #2455, #2435, #2682 ) ;
#1182 = LINE ( 'NONE', #1620, #215 ) ;
#1183 = ORIENTED_EDGE ( 'NONE', *, *, #167, .T. ) ;
#1184 = AXIS2_PLACEMENT_3D ( 'NONE', #2449, #2650, #1977 ) ;
#1185 = APPLICATION_CONTEXT ( 'configuration controlled 3d designs of mechanical parts and assemblies' ) ;
#1186 = ORIENTED_EDGE ( 'NONE', *, *, #2283, .F. ) ;
#1187 = ADVANCED_FACE ( 'NONE', ( #958 ), #1615, .F. ) ;
#1188 = LINE ( 'NONE', #535, #220 ) ;
#1189 = DIRECTION ( 'NONE',  ( -1.000000000000000000, -1.077257267186296938E-16, 0.0000000000000000000 ) ) ;
#1190 = CARTESIAN_POINT ( 'NONE',  ( 16.51999999999999602, 42.44661709438346264, 0.0000000000000000000 ) ) ;
#1191 = VECTOR ( 'NONE', #497, 1000.000000000000000 ) ;
#1192 = ORIENTED_EDGE ( 'NONE', *, *, #49, .T. ) ;
#1193 = EDGE_CURVE ( 'NONE', #488, #814, #1681, .T. ) ;
#1194 = DIRECTION ( 'NONE',  ( 0.9878771254044861339, -0.1552378339921338390, 0.0000000000000000000 ) ) ;
#1195 = ORIENTED_EDGE ( 'NONE', *, *, #1238, .T. ) ;
#1196 = CARTESIAN_POINT ( 'NONE',  ( -4.765714285714279796, 12.44661709438344488, 5.000000000000000000 ) ) ;
#1197 = VERTEX_POINT ( 'NONE', #2225 ) ;
#1198 = DIRECTION ( 'NONE',  ( 0.0000000000000000000, 0.0000000000000000000, 1.000000000000000000 ) ) ;
#1199 = ORIENTED_EDGE ( 'NONE', *, *, #2234, .T. ) ;
#1200 = PRODUCT_RELATED_PRODUCT_CATEGORY ( 'detail', '', ( #1999 ) ) ;
#1201 = AXIS2_PLACEMENT_3D ( 'NONE', #2728, #2950, #1071 ) ;
#1202 = CARTESIAN_POINT ( 'NONE',  ( -21.17142857142856371, 12.84661709438346833, 5.000000000000000000 ) ) ;
#1203 = ORIENTED_EDGE ( 'NONE', *, *, #1128, .F. ) ;
#1204 = LINE ( 'NONE', #929, #2667 ) ;
#1205 = DIRECTION ( 'NONE',  ( -0.1552378339921333950, -0.9878771254044861339, -0.0000000000000000000 ) ) ;
#1206 = FACE_BOUND ( 'NONE', #1540, .T. ) ;
#1207 = EDGE_CURVE ( 'NONE', #1481, #1912, #739, .T. ) ;
#1208 = LINE ( 'NONE', #888, #1392 ) ;
#1209 = CIRCLE ( 'NONE', #902, 3.000000000000000000 ) ;
#1210 = ORIENTED_EDGE ( 'NONE', *, *, #1880, .F. ) ;
#1211 = CARTESIAN_POINT ( 'NONE',  ( 13.00000000000000533, 64.84661709438364596, 5.000000000000000000 ) ) ;
#1212 = EDGE_LOOP ( 'NONE', ( #856, #801, #2680 ) ) ;
#1213 = VECTOR ( 'NONE', #307, 1000.000000000000000 ) ;
#1214 = VERTEX_POINT ( 'NONE', #543 ) ;
#1215 = ADVANCED_FACE ( 'NONE', ( #2243 ), #589, .F. ) ;
#1216 = VERTEX_POINT ( 'NONE', #2198 ) ;
#1217 = CARTESIAN_POINT ( 'NONE',  ( 9.542857142857140929, 42.84661709438346122, 0.0000000000000000000 ) ) ;
#1218 = CIRCLE ( 'NONE', #9, 2.999999999999999112 ) ;
#1219 = EDGE_LOOP ( 'NONE', ( #2437, #228, #1656 ) ) ;
#1220 = CARTESIAN_POINT ( 'NONE',  ( 24.00000000000000000, 1.383787393197646916E-15, 5.000000000000000000 ) ) ;
#1221 = EDGE_CURVE ( 'NONE', #2534, #1169, #1836, .T. ) ;
#1222 = DIRECTION ( 'NONE',  ( 1.000000000000000000, 0.0000000000000000000, 0.0000000000000000000 ) ) ;
#1223 = VECTOR ( 'NONE', #2580, 1000.000000000000000 ) ;
#1224 = CARTESIAN_POINT ( 'NONE',  ( -23.19018268626025048, -2.495874921891080997E-15, 5.000000000000000000 ) ) ;
#1225 = AXIS2_PLACEMENT_3D ( 'NONE', #784, #99, #1961 ) ;
#1226 = FACE_OUTER_BOUND ( 'NONE', #1240, .T. ) ;
#1227 = AXIS2_PLACEMENT_3D ( 'NONE', #2626, #2857, #761 ) ;
#1228 = ORIENTED_EDGE ( 'NONE', *, *, #495, .T. ) ;
#1229 = DIRECTION ( 'NONE',  ( -0.1552378339921333950, -0.9878771254044861339, -0.0000000000000000000 ) ) ;
#1230 = EDGE_CURVE ( 'NONE', #2463, #809, #2612, .T. ) ;
#1231 = CARTESIAN_POINT ( 'NONE',  ( 13.00000000000000533, 64.84661709438364596, 0.0000000000000000000 ) ) ;
#1232 = VERTEX_POINT ( 'NONE', #2684 ) ;
#1233 = ADVANCED_FACE ( 'NONE', ( #2753 ), #1967, .F. ) ;
#1234 = VERTEX_POINT ( 'NONE', #1516 ) ;
#1235 = DIRECTION ( 'NONE',  ( -0.1552378339921333950, -0.9878771254044861339, -0.0000000000000000000 ) ) ;
#1236 = ORIENTED_EDGE ( 'NONE', *, *, #692, .T. ) ;
#1237 = EDGE_CURVE ( 'NONE', #452, #2554, #1990, .T. ) ;
#1238 = EDGE_CURVE ( 'NONE', #332, #665, #2823, .T. ) ;
#1239 = DIRECTION ( 'NONE',  ( 1.000000000000000000, 1.780507966545111273E-15, 0.0000000000000000000 ) ) ;
#1240 = EDGE_LOOP ( 'NONE', ( #1690, #793, #1436, #1145 ) ) ;
#1241 = PLANE ( 'NONE',  #2802 ) ;
#1242 = VECTOR ( 'NONE', #2458, 1000.000000000000114 ) ;
#1243 = AXIS2_PLACEMENT_3D ( 'NONE', #2543, #1166, #677 ) ;
#1244 = AXIS2_PLACEMENT_3D ( 'NONE', #2770, #416, #2277 ) ;
#1245 = PLANE ( 'NONE',  #827 ) ;
#1246 = VECTOR ( 'NONE', #738, 1000.000000000000000 ) ;
#1247 = PERSON_AND_ORGANIZATION ( #2405, #25 ) ;
#1248 = CARTESIAN_POINT ( 'NONE',  ( 23.19018268626030732, -2.427226307507445737E-18, 0.0000000000000000000 ) ) ;
#1249 = CARTESIAN_POINT ( 'NONE',  ( -23.19018268626025048, -2.495874921891080997E-15, 0.0000000000000000000 ) ) ;
#1250 = FACE_OUTER_BOUND ( 'NONE', #161, .T. ) ;
#1251 = DIRECTION ( 'NONE',  ( -1.000000000000000000, 1.780507966545111273E-15, 0.0000000000000000000 ) ) ;
#1252 = ORIENTED_EDGE ( 'NONE', *, *, #1319, .T. ) ;
#1253 = EDGE_CURVE ( 'NONE', #325, #814, #3012, .T. ) ;
#1254 = CARTESIAN_POINT ( 'NONE',  ( 21.23428571428571132, 12.44661709438345909, 0.0000000000000000000 ) ) ;
#1255 = CARTESIAN_POINT ( 'NONE',  ( -16.51999999999999602, 42.44661709438346264, 5.000000000000000000 ) ) ;
#1256 = ORIENTED_EDGE ( 'NONE', *, *, #891, .T. ) ;
#1257 = LINE ( 'NONE', #1352, #2025 ) ;
#1258 = DIRECTION ( 'NONE',  ( -0.1552378339921334505, 0.9878771254044861339, 0.0000000000000000000 ) ) ;
#1259 = DIRECTION ( 'NONE',  ( 0.0000000000000000000, 0.0000000000000000000, 1.000000000000000000 ) ) ;
#1260 = ORIENTED_EDGE ( 'NONE', *, *, #2785, .F. ) ;
#1261 = VECTOR ( 'NONE', #2874, 1000.000000000000000 ) ;
#1262 = CARTESIAN_POINT ( 'NONE',  ( 16.45714285714289105, 42.84661709438346833, 0.0000000000000000000 ) ) ;
#1263 = EDGE_CURVE ( 'NONE', #1341, #1214, #1218, .T. ) ;
#1264 = CARTESIAN_POINT ( 'NONE',  ( -4.765714285714280685, 12.44661709438345909, 0.0000000000000000000 ) ) ;
#1265 = DIRECTION ( 'NONE',  ( 0.0000000000000000000, -0.0000000000000000000, -1.000000000000000000 ) ) ;
#1266 = LINE ( 'NONE', #2192, #890 ) ;
#1267 = CARTESIAN_POINT ( 'NONE',  ( -18.02857142857142492, 32.84661709438346833, 0.0000000000000000000 ) ) ;
#1268 = ORIENTED_EDGE ( 'NONE', *, *, #182, .T. ) ;
#1269 = CARTESIAN_POINT ( 'NONE',  ( 2.781818181818182190, -4.569005513501256388, 0.0000000000000000000 ) ) ;
#1270 = CARTESIAN_POINT ( 'NONE',  ( -13.00000000000000178, 64.84661709438347543, 5.000000000000000000 ) ) ;
#1271 = ORIENTED_EDGE ( 'NONE', *, *, #2044, .T. ) ;
#1272 = EDGE_CURVE ( 'NONE', #1363, #903, #183, .T. ) ;
#1273 = CARTESIAN_POINT ( 'NONE',  ( 13.00000000000000533, 64.84661709438364596, 5.000000000000000000 ) ) ;
#1274 = VERTEX_POINT ( 'NONE', #1989 ) ;
#1275 = PLANE ( 'NONE',  #2354 ) ;
#1276 = ORIENTED_EDGE ( 'NONE', *, *, #2403, .T. ) ;
#1277 = ORIENTED_EDGE ( 'NONE', *, *, #495, .F. ) ;
#1279 = DIRECTION ( 'NONE',  ( 1.000000000000000000, 0.0000000000000000000, 0.0000000000000000000 ) ) ;
#1278 = LINE ( 'NONE', #910, #16 ) ;
#1280 = EDGE_CURVE ( 'NONE', #1039, #1692, #549, .T. ) ;
#1281 = DIRECTION ( 'NONE',  ( 0.0000000000000000000, 0.0000000000000000000, 1.000000000000000000 ) ) ;
#1282 = DIRECTION ( 'NONE',  ( 0.0000000000000000000, -0.0000000000000000000, -1.000000000000000000 ) ) ;
#1283 = CARTESIAN_POINT ( 'NONE',  ( 12.50606143729776321, 66.85675460098573808, 5.000000000000000000 ) ) ;
#1284 = CC_DESIGN_PERSON_AND_ORGANIZATION_ASSIGNMENT ( #500, #710, ( #2124 ) ) ;
#1285 = CARTESIAN_POINT ( 'NONE',  ( -0.05230908407636929852, 2.400000000000003464, 5.000000000000000000 ) ) ;
#1286 = AXIS2_PLACEMENT_3D ( 'NONE', #681, #1891, #1870 ) ;
#1287 = DIRECTION ( 'NONE',  ( 0.0000000000000000000, 0.0000000000000000000, 1.000000000000000000 ) ) ;
#1288 = VECTOR ( 'NONE', #648, 1000.000000000000000 ) ;
#1289 = FACE_BOUND ( 'NONE', #1212, .T. ) ;
#1290 = ORIENTED_EDGE ( 'NONE', *, *, #2530, .F. ) ;
#1291 = VECTOR ( 'NONE', #2021, 1000.000000000000000 ) ;
#1292 = ORIENTED_EDGE ( 'NONE', *, *, #839, .T. ) ;
#1293 = ORIENTED_EDGE ( 'NONE', *, *, #2998, .T. ) ;
#1294 = CARTESIAN_POINT ( 'NONE',  ( -21.90932847383360382, -1.199999999999999956, 5.000000000000000000 ) ) ;
#1295 = EDGE_CURVE ( 'NONE', #753, #636, #2685, .T. ) ;
#1296 = CARTESIAN_POINT ( 'NONE',  ( -0.05230908407636929852, 2.400000000000003464, 0.0000000000000000000 ) ) ;
#1297 = VECTOR ( 'NONE', #1482, 999.9999999999998863 ) ;
#1298 = CARTESIAN_POINT ( 'NONE',  ( 1.350000000000000089, -1.199999999999999956, 0.0000000000000000000 ) ) ;
#1299 = ORIENTED_EDGE ( 'NONE', *, *, #931, .F. ) ;
#1300 = VECTOR ( 'NONE', #242, 1000.000000000000000 ) ;
#1301 = AXIS2_PLACEMENT_3D ( 'NONE', #1443, #2368, #970 ) ;
#1302 = LINE ( 'NONE', #2620, #594 ) ;
#1303 = DIRECTION ( 'NONE',  ( -0.0000000000000000000, 0.0000000000000000000, 1.000000000000000000 ) ) ;
#1304 = VERTEX_POINT ( 'NONE', #2773 ) ;
#1305 = CARTESIAN_POINT ( 'NONE',  ( 21.90932847383360382, -1.199999999999999956, 0.0000000000000000000 ) ) ;
#1306 = EDGE_LOOP ( 'NONE', ( #580, #2824, #2329, #1523 ) ) ;
#1307 = DIRECTION ( 'NONE',  ( 1.000000000000000000, 0.0000000000000000000, 0.0000000000000000000 ) ) ;
#1308 = DIRECTION ( 'NONE',  ( 1.000000000000000000, 0.0000000000000000000, 0.0000000000000000000 ) ) ;
#1309 = VERTEX_POINT ( 'NONE', #920 ) ;
#1310 = EDGE_CURVE ( 'NONE', #1732, #196, #437, .T. ) ;
#1311 = VERTEX_POINT ( 'NONE', #2292 ) ;
#1312 = DIRECTION ( 'NONE',  ( -0.0000000000000000000, 0.0000000000000000000, 1.000000000000000000 ) ) ;
#1313 = ADVANCED_FACE ( 'NONE', ( #94 ), #2333, .F. ) ;
#1314 = CARTESIAN_POINT ( 'NONE',  ( -19.65932847383360027, 1.800000000000000266, 0.0000000000000000000 ) ) ;
#1315 = VERTEX_POINT ( 'NONE', #1832 ) ;
#1316 = LINE ( 'NONE', #1043, #2485 ) ;
#1317 = DIRECTION ( 'NONE',  ( 0.1552378339921336170, -0.9878771254044860228, 0.0000000000000000000 ) ) ;
#1318 = LINE ( 'NONE', #2148, #570 ) ;
#1319 = EDGE_CURVE ( 'NONE', #43, #2323, #1278, .T. ) ;
#1320 = CARTESIAN_POINT ( 'NONE',  ( 9.000000000000000000, -14.38233764908628309, 0.0000000000000000000 ) ) ;
#1321 = LINE ( 'NONE', #922, #1864 ) ;
#1322 = CALENDAR_DATE ( 2019, 23, 5 ) ;
#1323 = VECTOR ( 'NONE', #629, 1000.000000000000000 ) ;
#1324 = VERTEX_POINT ( 'NONE', #2310 ) ;
#1325 = DIRECTION ( 'NONE',  ( -0.0000000000000000000, 0.0000000000000000000, 1.000000000000000000 ) ) ;
#1326 = EDGE_CURVE ( 'NONE', #165, #1527, #387, .T. ) ;
#1327 = LINE ( 'NONE', #1270, #403 ) ;
#1328 = DIRECTION ( 'NONE',  ( 1.000000000000000000, 0.0000000000000000000, 0.0000000000000000000 ) ) ;
#1329 = FACE_OUTER_BOUND ( 'NONE', #1551, .T. ) ;
#1330 = PLANE ( 'NONE',  #2902 ) ;
#1331 = DIRECTION ( 'NONE',  ( 1.000000000000000000, 0.0000000000000000000, 0.0000000000000000000 ) ) ;
#1332 = CARTESIAN_POINT ( 'NONE',  ( 0.0000000000000000000, -14.38233764908628309, 5.000000000000000000 ) ) ;
#1333 = ORIENTED_EDGE ( 'NONE', *, *, #82, .F. ) ;
#1334 = VECTOR ( 'NONE', #1962, 1000.000000000000000 ) ;
#1335 = CARTESIAN_POINT ( 'NONE',  ( -23.99999999999999289, -1.199999999999999956, 5.000000000000000000 ) ) ;
#1336 = CARTESIAN_POINT ( 'NONE',  ( -23.19018268626025048, -2.495874921891080997E-15, 0.0000000000000000000 ) ) ;
#1337 = CIRCLE ( 'NONE', #1301, 3.000000000000000000 ) ;
#1338 = ORIENTED_EDGE ( 'NONE', *, *, #555, .F. ) ;
#1339 = AXIS2_PLACEMENT_3D ( 'NONE', #2545, #1159, #1387 ) ;
#1340 = CARTESIAN_POINT ( 'NONE',  ( -6.399999999999995026, 22.84661709438345056, 0.0000000000000000000 ) ) ;
#1341 = VERTEX_POINT ( 'NONE', #1614 ) ;
#1342 = AXIS2_PLACEMENT_3D ( 'NONE', #243, #1888, #927 ) ;
#1343 = DIRECTION ( 'NONE',  ( -0.1552378339921338390, -0.9878771254044861339, 0.0000000000000000000 ) ) ;
#1344 = CARTESIAN_POINT ( 'NONE',  ( -19.66285714285713837, 22.44661709438346264, 0.0000000000000000000 ) ) ;
#1345 = ORIENTED_EDGE ( 'NONE', *, *, #1735, .F. ) ;
#1346 = CARTESIAN_POINT ( 'NONE',  ( -14.94857142857142485, 52.44661709438346975, 0.0000000000000000000 ) ) ;
#1347 = VERTEX_POINT ( 'NONE', #202 ) ;
#1348 = CYLINDRICAL_SURFACE ( 'NONE', #566, 10.20000000000000107 ) ;
#1349 = EDGE_CURVE ( 'NONE', #2106, #1341, #2596, .T. ) ;
#1350 = EDGE_LOOP ( 'NONE', ( #1479, #2207, #1445, #2213 ) ) ;
#1351 = VECTOR ( 'NONE', #1376, 1000.000000000000000 ) ;
#1352 = CARTESIAN_POINT ( 'NONE',  ( 19.66285714285713837, 22.44661709438346264, 0.0000000000000000000 ) ) ;
#1353 = DIRECTION ( 'NONE',  ( 1.000000000000000000, 0.0000000000000000000, 0.0000000000000000000 ) ) ;
#1354 = DIRECTION ( 'NONE',  ( 0.1552378339921333672, 0.9878771254044861339, 0.0000000000000000000 ) ) ;
#1355 = ADVANCED_FACE ( 'NONE', ( #2991 ), #411, .T. ) ;
#1356 = FACE_BOUND ( 'NONE', #2721, .T. ) ;
#1357 = VECTOR ( 'NONE', #2294, 1000.000000000000000 ) ;
#1358 = VERTEX_POINT ( 'NONE', #2763 ) ;
#1359 = AXIS2_PLACEMENT_3D ( 'NONE', #558, #2176, #547 ) ;
#1360 = DIRECTION ( 'NONE',  ( 1.000000000000000000, 0.0000000000000000000, 0.0000000000000000000 ) ) ;
#1361 = LINE ( 'NONE', #1969, #2746 ) ;
#1362 = ORIENTED_EDGE ( 'NONE', *, *, #298, .F. ) ;
#1363 = VERTEX_POINT ( 'NONE', #693 ) ;
#1364 = CARTESIAN_POINT ( 'NONE',  ( -23.06446840054596592, 0.7999999999999974909, 0.0000000000000000000 ) ) ;
#1365 = DIRECTION ( 'NONE',  ( 0.0000000000000000000, 0.0000000000000000000, 1.000000000000000000 ) ) ;
#1366 = DIRECTION ( 'NONE',  ( -0.0000000000000000000, -0.0000000000000000000, 1.000000000000000000 ) ) ;
#1367 = LINE ( 'NONE', #2366, #1297 ) ;
#1368 = ORIENTED_EDGE ( 'NONE', *, *, #2313, .F. ) ;
#1369 = EDGE_CURVE ( 'NONE', #1917, #1813, #2810, .T. ) ;
#1370 = PLANE ( 'NONE',  #810 ) ;
#1371 = VERTEX_POINT ( 'NONE', #175 ) ;
#1372 = VECTOR ( 'NONE', #1952, 1000.000000000000000 ) ;
#1373 = LINE ( 'NONE', #2382, #2355 ) ;
#1374 = CARTESIAN_POINT ( 'NONE',  ( -13.00000000000000178, 64.84661709438347543, 5.000000000000000000 ) ) ;
#1375 = VERTEX_POINT ( 'NONE', #1820 ) ;
#1376 = DIRECTION ( 'NONE',  ( -0.1552378339921333672, -0.9878771254044861339, -0.0000000000000000000 ) ) ;
#1377 = EDGE_CURVE ( 'NONE', #2189, #516, #2522, .T. ) ;
#1378 = VERTEX_POINT ( 'NONE', #2795 ) ;
#1379 = CARTESIAN_POINT ( 'NONE',  ( -4.765714285714279796, 12.44661709438344488, 0.0000000000000000000 ) ) ;
#1380 = ORIENTED_EDGE ( 'NONE', *, *, #716, .F. ) ;
#1381 = DIRECTION ( 'NONE',  ( -7.228014483236695816E-17, 1.000000000000000000, 0.0000000000000000000 ) ) ;
#1382 = VERTEX_POINT ( 'NONE', #1853 ) ;
#1383 = EDGE_CURVE ( 'NONE', #1477, #2952, #460, .T. ) ;
#1384 = DIRECTION ( 'NONE',  ( 0.0000000000000000000, 0.0000000000000000000, 1.000000000000000000 ) ) ;
#1385 = ORIENTED_EDGE ( 'NONE', *, *, #2856, .T. ) ;
#1386 = VECTOR ( 'NONE', #42, 1000.000000000000000 ) ;
#1387 = DIRECTION ( 'NONE',  ( 1.000000000000000000, 0.0000000000000000000, 0.0000000000000000000 ) ) ;
#1388 = DIRECTION ( 'NONE',  ( 0.1552378339921337003, -0.9878771254044860228, 0.0000000000000000000 ) ) ;
#1389 = VECTOR ( 'NONE', #1047, 1000.000000000000000 ) ;
#1390 = EDGE_CURVE ( 'NONE', #2782, #925, #2737, .T. ) ;
#1391 = CARTESIAN_POINT ( 'NONE',  ( 19.65932847383360027, -1.199999999999999956, 5.000000000000000000 ) ) ;
#1392 = VECTOR ( 'NONE', #1353, 1000.000000000000000 ) ;
#1393 = ORIENTED_EDGE ( 'NONE', *, *, #2794, .F. ) ;
#1394 = AXIS2_PLACEMENT_3D ( 'NONE', #1489, #1728, #1713 ) ;
#1395 = VECTOR ( 'NONE', #1229, 1000.000000000000114 ) ;
#1396 = PLANE ( 'NONE',  #1746 ) ;
#1397 = CARTESIAN_POINT ( 'NONE',  ( -23.99999999999999289, -1.199999999999999956, 5.000000000000000000 ) ) ;
#1398 = DIRECTION ( 'NONE',  ( -0.1552378339921333950, -0.9878771254044861339, -0.0000000000000000000 ) ) ;
#1399 = CYLINDRICAL_SURFACE ( 'NONE', #1968, 10.20000000000000107 ) ;
#1400 = ORIENTED_EDGE ( 'NONE', *, *, #1002, .F. ) ;
#1401 = DIRECTION ( 'NONE',  ( 0.0000000000000000000, 0.0000000000000000000, 1.000000000000000000 ) ) ;
#1402 = CARTESIAN_POINT ( 'NONE',  ( -14.88571428571428257, 52.84661709438346833, 0.0000000000000000000 ) ) ;
#1403 = ORIENTED_EDGE ( 'NONE', *, *, #1448, .T. ) ;
#1404 = FACE_OUTER_BOUND ( 'NONE', #841, .T. ) ;
#1405 = EDGE_CURVE ( 'NONE', #93, #53, #2369, .T. ) ;
#1406 = DIRECTION ( 'NONE',  ( -1.000000000000000000, 0.0000000000000000000, 0.0000000000000000000 ) ) ;
#1407 = VECTOR ( 'NONE', #776, 1000.000000000000000 ) ;
#1408 = ORIENTED_EDGE ( 'NONE', *, *, #413, .T. ) ;
#1409 = PLANE ( 'NONE',  #73 ) ;
#1410 = DIRECTION ( 'NONE',  ( -1.000000000000000000, 1.508160174060822443E-16, 0.0000000000000000000 ) ) ;
#1411 = ORIENTED_EDGE ( 'NONE', *, *, #2290, .F. ) ;
#1412 = CARTESIAN_POINT ( 'NONE',  ( -22.35221977631104906, -1.805266300226465503, 5.000000000000000000 ) ) ;
#1413 = ADVANCED_FACE ( 'NONE', ( #240 ), #2199, .F. ) ;
#1414 = EDGE_CURVE ( 'NONE', #1811, #1309, #3034, .T. ) ;
#1415 = ORIENTED_EDGE ( 'NONE', *, *, #1976, .T. ) ;
#1416 = AXIS2_PLACEMENT_3D ( 'NONE', #2438, #102, #1331 ) ;
#1417 = ORIENTED_EDGE ( 'NONE', *, *, #1949, .T. ) ;
#1418 = LINE ( 'NONE', #2671, #2558 ) ;
#1419 = DIRECTION ( 'NONE',  ( -0.1552378339921336448, 0.9878771254044861339, -0.0000000000000000000 ) ) ;
#1420 = ORIENTED_EDGE ( 'NONE', *, *, #2741, .T. ) ;
#1421 = CARTESIAN_POINT ( 'NONE',  ( -14.94857142857142485, 52.44661709438346975, 5.000000000000000000 ) ) ;
#1422 = CIRCLE ( 'NONE', #1703, 10.20000000000000107 ) ;
#1423 = EDGE_CURVE ( 'NONE', #928, #2784, #644, .T. ) ;
#1424 = DIRECTION ( 'NONE',  ( 1.000000000000000000, 0.0000000000000000000, 0.0000000000000000000 ) ) ;
#1425 = VERTEX_POINT ( 'NONE', #5 ) ;
#1426 = LINE ( 'NONE', #835, #1503 ) ;
#1427 = LINE ( 'NONE', #424, #392 ) ;
#1428 = VECTOR ( 'NONE', #2098, 1000.000000000000000 ) ;
#1429 = CARTESIAN_POINT ( 'NONE',  ( -7.908571428571426587, 32.44661709438346264, 0.0000000000000000000 ) ) ;
#1430 = EDGE_LOOP ( 'NONE', ( #2325, #2478, #2365, #300 ) ) ;
#1431 = CARTESIAN_POINT ( 'NONE',  ( 13.00000000000000533, 70.00000000000000000, 0.0000000000000000000 ) ) ;
#1432 = EDGE_CURVE ( 'NONE', #682, #877, #1566, .T. ) ;
#1433 = LINE ( 'NONE', #373, #1291 ) ;
#1434 = CARTESIAN_POINT ( 'NONE',  ( -23.99999999999999289, -1.199999999999999956, 5.000000000000000000 ) ) ;
#1435 = ORIENTED_EDGE ( 'NONE', *, *, #98, .T. ) ;
#1436 = ORIENTED_EDGE ( 'NONE', *, *, #2255, .T. ) ;
#1437 = CARTESIAN_POINT ( 'NONE',  ( -1.800000000000000044, -0.5999999999999999778, 5.000000000000000000 ) ) ;
#1438 = VECTOR ( 'NONE', #1189, 1000.000000000000000 ) ;
#1439 = VERTEX_POINT ( 'NONE', #246 ) ;
#1440 = AXIS2_PLACEMENT_3D ( 'NONE', #104, #800, #2440 ) ;
#1441 = ORIENTED_EDGE ( 'NONE', *, *, #1819, .F. ) ;
#1442 = FACE_OUTER_BOUND ( 'NONE', #1306, .T. ) ;
#1443 = CARTESIAN_POINT ( 'NONE',  ( 3.600000000000000977, 1.800000000000000266, 5.000000000000000000 ) ) ;
#1444 = ORIENTED_EDGE ( 'NONE', *, *, #581, .F. ) ;
#1445 = ORIENTED_EDGE ( 'NONE', *, *, #156, .F. ) ;
#1446 = ADVANCED_FACE ( 'NONE', ( #2451 ), #1497, .T. ) ;
#1447 = ORIENTED_EDGE ( 'NONE', *, *, #1405, .F. ) ;
#1448 = EDGE_CURVE ( 'NONE', #658, #2867, #867, .T. ) ;
#1449 = CARTESIAN_POINT ( 'NONE',  ( 2.781818181818182190, -4.569005513501256388, 5.000000000000000000 ) ) ;
#1450 = VERTEX_POINT ( 'NONE', #1412 ) ;
#1451 = EDGE_CURVE ( 'NONE', #2474, #1304, #2879, .T. ) ;
#1452 = DIRECTION ( 'NONE',  ( 1.000000000000000000, 0.0000000000000000000, 0.0000000000000000000 ) ) ;
#1453 = ORIENTED_EDGE ( 'NONE', *, *, #1890, .F. ) ;
#1454 = CARTESIAN_POINT ( 'NONE',  ( -14.94857142857142840, 52.44661709438346264, 0.0000000000000000000 ) ) ;
#1455 = CARTESIAN_POINT ( 'NONE',  ( -14.94857142857142485, 52.44661709438346975, 0.0000000000000000000 ) ) ;
#1456 = ORIENTED_EDGE ( 'NONE', *, *, #2171, .T. ) ;
#1457 = AXIS2_PLACEMENT_3D ( 'NONE', #2402, #68, #2165 ) ;
#1458 = CARTESIAN_POINT ( 'NONE',  ( 10.20000000000000107, -14.38233764908628309, 0.0000000000000000000 ) ) ;
#1459 = ORIENTED_EDGE ( 'NONE', *, *, #1040, .F. ) ;
#1460 = FACE_BOUND ( 'NONE', #2713, .T. ) ;
#1461 = ADVANCED_FACE ( 'NONE', ( #1120 ), #269, .T. ) ;
#1462 = CARTESIAN_POINT ( 'NONE',  ( -13.00000000000000533, 70.00000000000000000, 0.0000000000000000000 ) ) ;
#1463 = DIRECTION ( 'NONE',  ( 1.000000000000000000, 0.0000000000000000000, 0.0000000000000000000 ) ) ;
#1464 = EDGE_CURVE ( 'NONE', #2784, #2836, #1318, .T. ) ;
#1465 = CIRCLE ( 'NONE', #2958, 2.399999999999999911 ) ;
#1466 = COORDINATED_UNIVERSAL_TIME_OFFSET ( 1, 0, .AHEAD. ) ;
#1467 = CIRCLE ( 'NONE', #448, 10.20000000000000107 ) ;
#1468 = ORIENTED_EDGE ( 'NONE', *, *, #1861, .F. ) ;
#1469 = EDGE_LOOP ( 'NONE', ( #1173, #1453, #971, #2026 ) ) ;
#1470 = CARTESIAN_POINT ( 'NONE',  ( 9.757630380802554626, -47.97130431824797370, 0.0000000000000000000 ) ) ;
#1471 = VECTOR ( 'NONE', #1696, 1000.000000000000114 ) ;
#1472 = PLANE ( 'NONE',  #1761 ) ;
#1473 = EDGE_CURVE ( 'NONE', #1928, #515, #1422, .T. ) ;
#1474 = DIRECTION ( 'NONE',  ( -0.0000000000000000000, -0.0000000000000000000, 1.000000000000000000 ) ) ;
#1475 = DIRECTION ( 'NONE',  ( -0.1552378339921337003, 0.9878771254044860228, 0.0000000000000000000 ) ) ;
#1476 = LINE ( 'NONE', #2346, #1841 ) ;
#1477 = VERTEX_POINT ( 'NONE', #489 ) ;
#1478 = CARTESIAN_POINT ( 'NONE',  ( 13.00000000000000533, 64.84661709438364596, 5.000000000000000000 ) ) ;
#1479 = ORIENTED_EDGE ( 'NONE', *, *, #995, .F. ) ;
#1480 = VECTOR ( 'NONE', #1710, 1000.000000000000000 ) ;
#1481 = VERTEX_POINT ( 'NONE', #1178 ) ;
#1482 = DIRECTION ( 'NONE',  ( -0.1552378339921338390, -0.9878771254044861339, 0.0000000000000000000 ) ) ;
#1483 = EDGE_CURVE ( 'NONE', #1527, #65, #2048, .T. ) ;
#1484 = CARTESIAN_POINT ( 'NONE',  ( -11.11428571428571566, 52.84661709438346833, 5.000000000000000000 ) ) ;
#1485 = DIRECTION ( 'NONE',  ( -0.2913043449262716633, 0.9566304294904461880, -0.0000000000000000000 ) ) ;
#1486 = CARTESIAN_POINT ( 'NONE',  ( -13.00000000000000711, 66.77913568398966504, 5.000000000000000000 ) ) ;
#1487 = ORIENTED_EDGE ( 'NONE', *, *, #2473, .F. ) ;
#1488 = DIRECTION ( 'NONE',  ( 0.0000000000000000000, 1.000000000000000000, -0.0000000000000000000 ) ) ;
#1489 = CARTESIAN_POINT ( 'NONE',  ( 5.510910596163089556E-15, -45.00000000000000000, 0.0000000000000000000 ) ) ;
#1490 = ORIENTED_EDGE ( 'NONE', *, *, #1506, .T. ) ;
#1491 = EDGE_LOOP ( 'NONE', ( #270, #984, #1592, #87 ) ) ;
#1492 = AXIS2_PLACEMENT_3D ( 'NONE', #2080, #2829, #231 ) ;
#1493 = ORIENTED_EDGE ( 'NONE', *, *, #1349, .T. ) ;
#1494 = FACE_BOUND ( 'NONE', #324, .T. ) ;
#1495 = AXIS2_PLACEMENT_3D ( 'NONE', #449, #2566, #3004 ) ;
#1496 = ORIENTED_EDGE ( 'NONE', *, *, #1237, .T. ) ;
#1497 = CYLINDRICAL_SURFACE ( 'NONE', #1286, 2.999999999999999112 ) ;
#1498 = AXIS2_PLACEMENT_3D ( 'NONE', #13, #221, #1388 ) ;
#1499 = DIRECTION ( 'NONE',  ( -0.1552378339921338390, -0.9878771254044861339, 0.0000000000000000000 ) ) ;
#1500 = VECTOR ( 'NONE', #238, 1000.000000000000000 ) ;
#1501 = CIRCLE ( 'NONE', #2919, 0.7500000000000002220 ) ;
#1502 = CARTESIAN_POINT ( 'NONE',  ( 13.00000000000000533, 64.84661709438364596, 5.000000000000000000 ) ) ;
#1503 = VECTOR ( 'NONE', #368, 1000.000000000000000 ) ;
#1504 = CARTESIAN_POINT ( 'NONE',  ( -23.19018268626025048, -2.495874921891080997E-15, 0.0000000000000000000 ) ) ;
#1505 = ORIENTED_EDGE ( 'NONE', *, *, #2785, .T. ) ;
#1506 = EDGE_CURVE ( 'NONE', #975, #325, #1162, .T. ) ;
#1507 = DIRECTION ( 'NONE',  ( -0.9878771254044861339, -0.1552378339921336448, 0.0000000000000000000 ) ) ;
#1508 = LINE ( 'NONE', #1992, #878 ) ;
#1509 = EDGE_LOOP ( 'NONE', ( #2841, #138, #853, #672 ) ) ;
#1510 = VERTEX_POINT ( 'NONE', #2134 ) ;
#1511 = VECTOR ( 'NONE', #2912, 1000.000000000000000 ) ;
#1512 = ORIENTED_EDGE ( 'NONE', *, *, #2171, .F. ) ;
#1513 = VECTOR ( 'NONE', #1398, 1000.000000000000114 ) ;
#1514 = DIRECTION ( 'NONE',  ( 0.0000000000000000000, 0.0000000000000000000, 1.000000000000000000 ) ) ;
#1515 = AXIS2_PLACEMENT_3D ( 'NONE', #813, #2490, #2010 ) ;
#1516 = CARTESIAN_POINT ( 'NONE',  ( 1.800000000000000488, -0.5999999999999996447, 0.0000000000000000000 ) ) ;
#1517 = LINE ( 'NONE', #1175, #1995 ) ;
#1518 = ORIENTED_EDGE ( 'NONE', *, *, #581, .T. ) ;
#1519 = ORIENTED_EDGE ( 'NONE', *, *, #1057, .F. ) ;
#1520 = EDGE_CURVE ( 'NONE', #2518, #3002, #1204, .T. ) ;
#1521 = ADVANCED_FACE ( 'NONE', ( #1748 ), #2328, .T. ) ;
#1522 = CARTESIAN_POINT ( 'NONE',  ( -13.00000000000000533, 70.00000000000000000, 5.000000000000000000 ) ) ;
#1523 = ORIENTED_EDGE ( 'NONE', *, *, #2583, .T. ) ;
#1524 = CARTESIAN_POINT ( 'NONE',  ( -18.02857142857142492, 32.84661709438346833, 5.000000000000000000 ) ) ;
#1525 = CARTESIAN_POINT ( 'NONE',  ( 18.02857142857146755, 32.84661709438346833, 0.0000000000000000000 ) ) ;
#1526 = ORIENTED_EDGE ( 'NONE', *, *, #638, .F. ) ;
#1527 = VERTEX_POINT ( 'NONE', #17 ) ;
#1528 = CIRCLE ( 'NONE', #273, 0.7500000000000006661 ) ;
#1529 = EDGE_CURVE ( 'NONE', #2191, #639, #2916, .T. ) ;
#1530 = CARTESIAN_POINT ( 'NONE',  ( -19.65932847383360027, 1.800000000000000266, 0.0000000000000000000 ) ) ;
#1531 = DIRECTION ( 'NONE',  ( 1.000000000000000000, 0.0000000000000000000, 0.0000000000000000000 ) ) ;
#1532 = DIRECTION ( 'NONE',  ( 1.000000000000000000, 0.0000000000000000000, 0.0000000000000000000 ) ) ;
#1533 = AXIS2_PLACEMENT_3D ( 'NONE', #2144, #3044, #730 ) ;
#1534 = CARTESIAN_POINT ( 'NONE',  ( 9.542857142857140929, 42.84661709438346122, 0.0000000000000000000 ) ) ;
#1535 = CARTESIAN_POINT ( 'NONE',  ( -3.600000000000000089, 1.800000000000000266, 5.000000000000000000 ) ) ;
#1536 = LINE ( 'NONE', #942, #1246 ) ;
#1537 = LOCAL_TIME ( 14, 11, 14.00000000000000000, #1572 ) ;
#1538 = ORIENTED_EDGE ( 'NONE', *, *, #3020, .T. ) ;
#1539 = EDGE_CURVE ( 'NONE', #622, #374, #494, .T. ) ;
#1540 = EDGE_LOOP ( 'NONE', ( #2527, #676, #2818, #863 ) ) ;
#1541 = LINE ( 'NONE', #2209, #915 ) ;
#1542 = ORIENTED_EDGE ( 'NONE', *, *, #1560, .F. ) ;
#1543 = ORIENTED_EDGE ( 'NONE', *, *, #2433, .T. ) ;
#1544 = CARTESIAN_POINT ( 'NONE',  ( 0.0000000000000000000, 0.0000000000000000000, 5.000000000000000000 ) ) ;
#1545 = DIRECTION ( 'NONE',  ( 1.000000000000000000, 0.0000000000000000000, 0.0000000000000000000 ) ) ;
#1546 = LINE ( 'NONE', #266, #2714 ) ;
#1547 = DIRECTION ( 'NONE',  ( 1.000000000000000000, 0.0000000000000000000, 0.0000000000000000000 ) ) ;
#1548 = LINE ( 'NONE', #2074, #441 ) ;
#1549 = ORIENTED_EDGE ( 'NONE', *, *, #2629, .F. ) ;
#1550 = EDGE_CURVE ( 'NONE', #2398, #2302, #1668, .T. ) ;
#1551 = EDGE_LOOP ( 'NONE', ( #2178, #2236, #6, #2030 ) ) ;
#1552 = LINE ( 'NONE', #2174, #1480 ) ;
#1553 = AXIS2_PLACEMENT_3D ( 'NONE', #1530, #573, #1751 ) ;
#1554 = DIRECTION ( 'NONE',  ( 0.0000000000000000000, 0.0000000000000000000, -1.000000000000000000 ) ) ;
#1555 = ORIENTED_EDGE ( 'NONE', *, *, #1390, .T. ) ;
#1556 = CARTESIAN_POINT ( 'NONE',  ( 9.000000000000000000, -14.38233764908628309, 5.000000000000000000 ) ) ;
#1557 = EDGE_LOOP ( 'NONE', ( #1679, #2556, #2143, #1549 ) ) ;
#1558 = DIRECTION ( 'NONE',  ( 0.0000000000000000000, 0.0000000000000000000, 1.000000000000000000 ) ) ;
#1559 = ORIENTED_EDGE ( 'NONE', *, *, #268, .F. ) ;
#1560 = EDGE_CURVE ( 'NONE', #2821, #1341, #2561, .T. ) ;
#1561 = ORIENTED_EDGE ( 'NONE', *, *, #795, .T. ) ;
#1562 = CARTESIAN_POINT ( 'NONE',  ( 19.65932847383360027, 1.800000000000000266, 0.0000000000000000000 ) ) ;
#1563 = ORIENTED_EDGE ( 'NONE', *, *, #834, .F. ) ;
#1564 = FACE_OUTER_BOUND ( 'NONE', #2291, .T. ) ;
#1565 = EDGE_CURVE ( 'NONE', #1358, #2464, #131, .T. ) ;
#1566 = LINE ( 'NONE', #444, #724 ) ;
#1567 = ADVANCED_FACE ( 'NONE', ( #1860 ), #533, .F. ) ;
#1568 = EDGE_LOOP ( 'NONE', ( #2381, #1649, #1719, #1028 ) ) ;
#1569 = EDGE_CURVE ( 'NONE', #2252, #1972, #1784, .T. ) ;
#1570 = AXIS2_PLACEMENT_3D ( 'NONE', #1298, #2921, #1307 ) ;
#1571 = CIRCLE ( 'NONE', #2744, 0.7500000000000006661 ) ;
#1572 = COORDINATED_UNIVERSAL_TIME_OFFSET ( 1, 0, .AHEAD. ) ;
#1573 = CARTESIAN_POINT ( 'NONE',  ( 0.0000000000000000000, -14.38233764908628309, 0.0000000000000000000 ) ) ;
#1574 = LINE ( 'NONE', #2575, #1902 ) ;
#1575 = FACE_BOUND ( 'NONE', #936, .T. ) ;
#1576 = ORIENTED_EDGE ( 'NONE', *, *, #2248, .F. ) ;
#1577 = VERTEX_POINT ( 'NONE', #2393 ) ;
#1578 = VECTOR ( 'NONE', #2724, 1000.000000000000114 ) ;
#1579 = EDGE_CURVE ( 'NONE', #1674, #2871, #2409, .T. ) ;
#1580 = ORIENTED_EDGE ( 'NONE', *, *, #1483, .T. ) ;
#1581 = VECTOR ( 'NONE', #1738, 1000.000000000000000 ) ;
#1582 = DIRECTION ( 'NONE',  ( 0.0000000000000000000, 0.0000000000000000000, 1.000000000000000000 ) ) ;
#1583 = DIRECTION ( 'NONE',  ( 0.0000000000000000000, -0.0000000000000000000, -1.000000000000000000 ) ) ;
#1584 = ORIENTED_EDGE ( 'NONE', *, *, #2421, .T. ) ;
#1585 = CIRCLE ( 'NONE', #709, 2.999999999999999112 ) ;
#1586 = DIRECTION ( 'NONE',  ( 0.9878771254044861339, -0.1552378339921333672, 0.0000000000000000000 ) ) ;
#1587 = CARTESIAN_POINT ( 'NONE',  ( -23.99999999999999289, 0.0000000000000000000, 0.0000000000000000000 ) ) ;
#1588 = CYLINDRICAL_SURFACE ( 'NONE', #977, 3.000000000000000000 ) ;
#1589 = EDGE_CURVE ( 'NONE', #1274, #93, #3031, .T. ) ;
#1590 = ORIENTED_EDGE ( 'NONE', *, *, #284, .F. ) ;
#1591 = CARTESIAN_POINT ( 'NONE',  ( 7.908571428571426587, 32.44661709438346264, 5.000000000000000000 ) ) ;
#1592 = ORIENTED_EDGE ( 'NONE', *, *, #2082, .T. ) ;
#1593 = AXIS2_PLACEMENT_3D ( 'NONE', #209, #1897, #451 ) ;
#1594 = DIRECTION ( 'NONE',  ( 0.1552378339921333672, 0.9878771254044861339, 0.0000000000000000000 ) ) ;
#1595 = EDGE_LOOP ( 'NONE', ( #1737, #2625, #124, #438 ) ) ;
#1596 = DIRECTION ( 'NONE',  ( 0.0000000000000000000, -0.0000000000000000000, 1.000000000000000000 ) ) ;
#1597 = EDGE_LOOP ( 'NONE', ( #2096, #2578, #2115, #1633 ) ) ;
#1598 = DIRECTION ( 'NONE',  ( 0.0000000000000000000, -0.0000000000000000000, -1.000000000000000000 ) ) ;
#1599 = ORIENTED_EDGE ( 'NONE', *, *, #2530, .T. ) ;
#1600 = DIRECTION ( 'NONE',  ( 1.000000000000000000, 0.0000000000000000000, 0.0000000000000000000 ) ) ;
#1601 = FACE_OUTER_BOUND ( 'NONE', #2855, .T. ) ;
#1602 = CARTESIAN_POINT ( 'NONE',  ( 13.00000000000000533, 64.84661709438364596, 5.000000000000000000 ) ) ;
#1603 = DIRECTION ( 'NONE',  ( -1.077257267186296938E-16, 1.000000000000000000, 0.0000000000000000000 ) ) ;
#1604 = DIRECTION ( 'NONE',  ( 0.9878771254044861339, -0.1552378339921333672, 0.0000000000000000000 ) ) ;
#1605 = DIRECTION ( 'NONE',  ( 0.0000000000000000000, 0.0000000000000000000, 1.000000000000000000 ) ) ;
#1606 = LINE ( 'NONE', #20, #2014 ) ;
#1607 = ORIENTED_EDGE ( 'NONE', *, *, #1687, .F. ) ;
#1608 = AXIS2_PLACEMENT_3D ( 'NONE', #574, #1775, #564 ) ;
#1609 = CARTESIAN_POINT ( 'NONE',  ( 9.000000000000005329, -45.00000000000000000, 0.0000000000000000000 ) ) ;
#1610 = CYLINDRICAL_SURFACE ( 'NONE', #1137, 0.7500000000000006661 ) ;
#1611 = CARTESIAN_POINT ( 'NONE',  ( -19.65932847383360027, -1.199999999999999956, 5.000000000000000000 ) ) ;
#1612 = ORIENTED_EDGE ( 'NONE', *, *, #1788, .F. ) ;
#1613 = EDGE_LOOP ( 'NONE', ( #1645, #2988, #2501, #1036 ) ) ;
#1614 = CARTESIAN_POINT ( 'NONE',  ( 19.65932847383360027, -1.199999999999999956, 5.000000000000000000 ) ) ;
#1615 = CYLINDRICAL_SURFACE ( 'NONE', #1394, 9.000000000000000000 ) ;
#1616 = EDGE_CURVE ( 'NONE', #2131, #1324, #1528, .T. ) ;
#1617 = CARTESIAN_POINT ( 'NONE',  ( 10.20000000000000107, -14.38233764908628309, 0.0000000000000000000 ) ) ;
#1618 = LINE ( 'NONE', #1374, #624 ) ;
#1619 = FACE_OUTER_BOUND ( 'NONE', #2083, .T. ) ;
#1620 = CARTESIAN_POINT ( 'NONE',  ( 0.6000000000000000888, -1.682731355976250232, 0.0000000000000000000 ) ) ;
#1621 = EDGE_LOOP ( 'NONE', ( #2712, #521, #3013, #1179 ) ) ;
#1622 = ADVANCED_FACE ( 'NONE', ( #2844 ), #1677, .F. ) ;
#1623 = EDGE_CURVE ( 'NONE', #2384, #2407, #1782, .T. ) ;
#1624 = ORIENTED_EDGE ( 'NONE', *, *, #2104, .T. ) ;
#1625 = CARTESIAN_POINT ( 'NONE',  ( 21.25389369774949344, -3.352418466353505266, 0.0000000000000000000 ) ) ;
#1626 = EDGE_LOOP ( 'NONE', ( #210, #1400, #2890, #1959 ) ) ;
#1627 = CARTESIAN_POINT ( 'NONE',  ( 5.510910596163089556E-15, -45.00000000000000000, 0.0000000000000000000 ) ) ;
#1628 = CARTESIAN_POINT ( 'NONE',  ( -23.19018268626025048, -2.495874921891080997E-15, 5.000000000000000000 ) ) ;
#1629 = EDGE_LOOP ( 'NONE', ( #2257, #1599, #2481, #1791 ) ) ;
#1630 = PLANE ( 'NONE',  #603 ) ;
#1631 = EDGE_CURVE ( 'NONE', #374, #165, #162, .T. ) ;
#1632 = DIRECTION ( 'NONE',  ( 1.000000000000000000, 0.0000000000000000000, 0.0000000000000000000 ) ) ;
#1633 = ORIENTED_EDGE ( 'NONE', *, *, #632, .T. ) ;
#1634 = FACE_BOUND ( 'NONE', #779, .T. ) ;
#1635 = DATE_TIME_ROLE ( 'classification_date' ) ;
#1636 = ADVANCED_FACE ( 'NONE', ( #2009 ), #1691, .T. ) ;
#1637 = CARTESIAN_POINT ( 'NONE',  ( 22.35221977631104906, -1.805266300226465281, 5.000000000000000000 ) ) ;
#1638 = LINE ( 'NONE', #1670, #2125 ) ;
#1639 = AXIS2_PLACEMENT_3D ( 'NONE', #2649, #1603, #429 ) ;
#1640 = FACE_OUTER_BOUND ( 'NONE', #23, .T. ) ;
#1641 = VECTOR ( 'NONE', #595, 1000.000000000000000 ) ;
#1642 = EDGE_LOOP ( 'NONE', ( #1730, #749, #493, #2619 ) ) ;
#1643 = CIRCLE ( 'NONE', #2242, 10.20000000000000107 ) ;
#1644 = AXIS2_PLACEMENT_3D ( 'NONE', #96, #759, #1279 ) ;
#1645 = ORIENTED_EDGE ( 'NONE', *, *, #623, .F. ) ;
#1646 = DIRECTION ( 'NONE',  ( -0.1552378339921337003, 0.9878771254044860228, 0.0000000000000000000 ) ) ;
#1647 = CARTESIAN_POINT ( 'NONE',  ( -16.45714285714285552, 42.84661709438346833, 0.0000000000000000000 ) ) ;
#1648 = LINE ( 'NONE', #598, #1142 ) ;
#1649 = ORIENTED_EDGE ( 'NONE', *, *, #1506, .F. ) ;
#1650 = DIRECTION ( 'NONE',  ( 1.000000000000000000, 0.0000000000000000000, 0.0000000000000000000 ) ) ;
#1651 = ORIENTED_EDGE ( 'NONE', *, *, #462, .T. ) ;
#1652 = ADVANCED_FACE ( 'NONE', ( #939 ), #2659, .F. ) ;
#1653 = LINE ( 'NONE', #686, #553 ) ;
#1654 = EDGE_CURVE ( 'NONE', #2464, #877, #721, .T. ) ;
#1655 = PLANE ( 'NONE',  #2439 ) ;
#1656 = ORIENTED_EDGE ( 'NONE', *, *, #661, .T. ) ;
#1657 = EDGE_LOOP ( 'NONE', ( #758, #1661, #1136, #1835 ) ) ;
#1658 = CARTESIAN_POINT ( 'NONE',  ( 9.542857142857140929, 42.84661709438346122, 0.0000000000000000000 ) ) ;
#1659 = EDGE_LOOP ( 'NONE', ( #2514, #2077, #787, #2973 ) ) ;
#1660 = DIRECTION ( 'NONE',  ( -0.9566304294904461880, -0.2913043449262719964, 0.0000000000000000000 ) ) ;
#1661 = ORIENTED_EDGE ( 'NONE', *, *, #1735, .T. ) ;
#1662 = AXIS2_PLACEMENT_3D ( 'NONE', #1037, #2906, #134 ) ;
#1663 = DIRECTION ( 'NONE',  ( -0.0000000000000000000, -0.0000000000000000000, 1.000000000000000000 ) ) ;
#1664 = ORIENTED_EDGE ( 'NONE', *, *, #474, .T. ) ;
#1665 = CARTESIAN_POINT ( 'NONE',  ( 13.00000000000000533, 64.84661709438364596, 0.0000000000000000000 ) ) ;
#1666 = ORIENTED_EDGE ( 'NONE', *, *, #1957, .T. ) ;
#1667 = PLANE ( 'NONE',  #2122 ) ;
#1668 = LINE ( 'NONE', #2572, #1045 ) ;
#1669 = EDGE_CURVE ( 'NONE', #2867, #975, #2258, .T. ) ;
#1670 = CARTESIAN_POINT ( 'NONE',  ( -23.99999999999999289, 0.0000000000000000000, 5.000000000000000000 ) ) ;
#1671 = ORIENTED_EDGE ( 'NONE', *, *, #775, .T. ) ;
#1672 = FACE_OUTER_BOUND ( 'NONE', #599, .T. ) ;
#1673 = LOCAL_TIME ( 14, 11, 14.00000000000000000, #61 ) ;
#1674 = VERTEX_POINT ( 'NONE', #59 ) ;
#1675 = EDGE_CURVE ( 'NONE', #1928, #925, #277, .T. ) ;
#1676 = LINE ( 'NONE', #44, #1213 ) ;
#1677 = PLANE ( 'NONE',  #981 ) ;
#1678 = ORIENTED_EDGE ( 'NONE', *, *, #1193, .F. ) ;
#1679 = ORIENTED_EDGE ( 'NONE', *, *, #3048, .F. ) ;
#1680 = CARTESIAN_POINT ( 'NONE',  ( 24.00000000000000000, -1.199999999999999956, 0.0000000000000000000 ) ) ;
#1681 = LINE ( 'NONE', #329, #330 ) ;
#1682 = EDGE_LOOP ( 'NONE', ( #979, #299, #2623, #2112 ) ) ;
#1683 = AXIS2_PLACEMENT_3D ( 'NONE', #1785, #626, #2029 ) ;
#1684 = LINE ( 'NONE', #2086, #2539 ) ;
#1685 = ORIENTED_EDGE ( 'NONE', *, *, #2054, .F. ) ;
#1686 = PLANE ( 'NONE',  #546 ) ;
#1687 = EDGE_CURVE ( 'NONE', #382, #1382, #2775, .T. ) ;
#1688 = DIRECTION ( 'NONE',  ( 0.0000000000000000000, 0.0000000000000000000, 1.000000000000000000 ) ) ;
#1689 = LINE ( 'NONE', #2173, #1102 ) ;
#1690 = ORIENTED_EDGE ( 'NONE', *, *, #1207, .F. ) ;
#1691 = PLANE ( 'NONE',  #3026 ) ;
#1692 = VERTEX_POINT ( 'NONE', #2185 ) ;
#1693 = CARTESIAN_POINT ( 'NONE',  ( -21.90932847383360382, -1.199999999999999956, 5.000000000000000000 ) ) ;
#1694 = ORIENTED_EDGE ( 'NONE', *, *, #2212, .T. ) ;
#1695 = EDGE_CURVE ( 'NONE', #1130, #478, #2953, .T. ) ;
#1696 = DIRECTION ( 'NONE',  ( -0.1552378339921333950, -0.9878771254044861339, -0.0000000000000000000 ) ) ;
#1697 = ORIENTED_EDGE ( 'NONE', *, *, #850, .T. ) ;
#1698 = DIRECTION ( 'NONE',  ( 0.1552378339921336170, -0.9878771254044860228, 0.0000000000000000000 ) ) ;
#1699 = CARTESIAN_POINT ( 'NONE',  ( 4.828571428571388324, 12.84661709438347010, 0.0000000000000000000 ) ) ;
#1700 = EDGE_LOOP ( 'NONE', ( #3041, #2276, #1758, #561 ) ) ;
#1701 = AXIS2_PLACEMENT_3D ( 'NONE', #1562, #2499, #386 ) ;
#1702 = DIRECTION ( 'NONE',  ( 0.0000000000000000000, 0.0000000000000000000, 1.000000000000000000 ) ) ;
#1703 = AXIS2_PLACEMENT_3D ( 'NONE', #2114, #702, #1424 ) ;
#1704 = DIRECTION ( 'NONE',  ( 0.9566304294904461880, -0.2913043449262718854, 0.0000000000000000000 ) ) ;
#1705 = ORIENTED_EDGE ( 'NONE', *, *, #2234, .F. ) ;
#1706 = FACE_BOUND ( 'NONE', #1700, .T. ) ;
#1707 = VECTOR ( 'NONE', #1131, 1000.000000000000000 ) ;
#1708 = CARTESIAN_POINT ( 'NONE',  ( 23.19018268626030732, -2.427226307507445737E-18, 5.000000000000000000 ) ) ;
#1709 = CARTESIAN_POINT ( 'NONE',  ( 11.05142857142857160, 52.44661709438347685, 0.0000000000000000000 ) ) ;
#1710 = DIRECTION ( 'NONE',  ( 0.0000000000000000000, 0.0000000000000000000, 1.000000000000000000 ) ) ;
#1711 = DIRECTION ( 'NONE',  ( 1.000000000000000000, 0.0000000000000000000, 0.0000000000000000000 ) ) ;
#1712 = EDGE_CURVE ( 'NONE', #1577, #436, #129, .T. ) ;
#1713 = DIRECTION ( 'NONE',  ( 1.000000000000000000, 0.0000000000000000000, 0.0000000000000000000 ) ) ;
#1714 = LINE ( 'NONE', #585, #946 ) ;
#1715 = ADVANCED_FACE ( 'NONE', ( #757 ), #541, .T. ) ;
#1716 = CYLINDRICAL_SURFACE ( 'NONE', #1570, 0.7500000000000002220 ) ;
#1717 = VECTOR ( 'NONE', #2938, 1000.000000000000227 ) ;
#1718 = EDGE_CURVE ( 'NONE', #2765, #832, #1418, .T. ) ;
#1719 = ORIENTED_EDGE ( 'NONE', *, *, #1669, .F. ) ;
#1720 = CARTESIAN_POINT ( 'NONE',  ( 6.337142857142852748, 22.44661709438346264, 5.000000000000000000 ) ) ;
#1721 = FACE_OUTER_BOUND ( 'NONE', #1557, .T. ) ;
#1722 = VERTEX_POINT ( 'NONE', #2940 ) ;
#1723 = DIRECTION ( 'NONE',  ( 0.0000000000000000000, -0.0000000000000000000, 1.000000000000000000 ) ) ;
#1724 = DIRECTION ( 'NONE',  ( 0.0000000000000000000, 0.0000000000000000000, 1.000000000000000000 ) ) ;
#1725 = EDGE_CURVE ( 'NONE', #2745, #1382, #864, .T. ) ;
#1726 = CARTESIAN_POINT ( 'NONE',  ( 11.11428571428571566, 52.84661709438346833, 0.0000000000000000000 ) ) ;
#1727 = AXIS2_PLACEMENT_3D ( 'NONE', #1135, #2555, #685 ) ;
#1728 = DIRECTION ( 'NONE',  ( 0.0000000000000000000, 0.0000000000000000000, 1.000000000000000000 ) ) ;
#1729 = FACE_OUTER_BOUND ( 'NONE', #2965, .T. ) ;
#1730 = ORIENTED_EDGE ( 'NONE', *, *, #2004, .T. ) ;
#1731 = CARTESIAN_POINT ( 'NONE',  ( -13.00000000000000178, 64.84661709438347543, 5.000000000000000000 ) ) ;
#1732 = VERTEX_POINT ( 'NONE', #1283 ) ;
#1733 = CYLINDRICAL_SURFACE ( 'NONE', #2905, 2.399999999999999911 ) ;
#1734 = VECTOR ( 'NONE', #1401, 1000.000000000000000 ) ;
#1735 = EDGE_CURVE ( 'NONE', #420, #1315, #1316, .T. ) ;
#1736 = CARTESIAN_POINT ( 'NONE',  ( 0.6000000000000000888, -1.199999999999999956, 0.0000000000000000000 ) ) ;
#1737 = ORIENTED_EDGE ( 'NONE', *, *, #1451, .F. ) ;
#1738 = DIRECTION ( 'NONE',  ( -1.000000000000000000, 0.0000000000000000000, 0.0000000000000000000 ) ) ;
#1739 = ORIENTED_EDGE ( 'NONE', *, *, #2704, .T. ) ;
#1740 = CARTESIAN_POINT ( 'NONE',  ( 13.49393856270224568, 66.85675460098573808, 5.000000000000000000 ) ) ;
#1741 = ORIENTED_EDGE ( 'NONE', *, *, #2200, .T. ) ;
#1742 = EDGE_CURVE ( 'NONE', #1156, #1510, #2408, .T. ) ;
#1743 = VERTEX_POINT ( 'NONE', #114 ) ;
#1744 = CARTESIAN_POINT ( 'NONE',  ( 16.51999999999999602, 42.44661709438346264, 0.0000000000000000000 ) ) ;
#1745 = DIRECTION ( 'NONE',  ( -0.0000000000000000000, -0.0000000000000000000, 1.000000000000000000 ) ) ;
#1746 = AXIS2_PLACEMENT_3D ( 'NONE', #1857, #2990, #1381 ) ;
#1747 = ORIENTED_EDGE ( 'NONE', *, *, #2212, .F. ) ;
#1748 = FACE_OUTER_BOUND ( 'NONE', #1763, .T. ) ;
#1749 = AXIS2_PLACEMENT_3D ( 'NONE', #2000, #2962, #609 ) ;
#1750 = CARTESIAN_POINT ( 'NONE',  ( 21.45932847383360098, -0.5999999999999988676, 0.0000000000000000000 ) ) ;
#1751 = DIRECTION ( 'NONE',  ( 1.000000000000000000, 0.0000000000000000000, 0.0000000000000000000 ) ) ;
#1752 = VECTOR ( 'NONE', #1855, 1000.000000000000000 ) ;
#1753 = FACE_BOUND ( 'NONE', #2065, .T. ) ;
#1754 = ORIENTED_EDGE ( 'NONE', *, *, #1631, .T. ) ;
#1755 = CARTESIAN_POINT ( 'NONE',  ( -9.757630380802542192, -47.97130431824796659, 0.0000000000000000000 ) ) ;
#1756 = LINE ( 'NONE', #2416, #433 ) ;
#1757 = CARTESIAN_POINT ( 'NONE',  ( -21.45932847383360098, -0.5999999999999993117, 0.0000000000000000000 ) ) ;
#1758 = ORIENTED_EDGE ( 'NONE', *, *, #1976, .F. ) ;
#1759 = VERTEX_POINT ( 'NONE', #2241 ) ;
#1760 = EDGE_CURVE ( 'NONE', #2463, #1450, #235, .T. ) ;
#1761 = AXIS2_PLACEMENT_3D ( 'NONE', #2203, #2860, #1960 ) ;
#1762 = LINE ( 'NONE', #1938, #2024 ) ;
#1763 = EDGE_LOOP ( 'NONE', ( #680, #2749, #2250, #1664 ) ) ;
#1764 = FACE_OUTER_BOUND ( 'NONE', #1682, .T. ) ;
#1765 = CARTESIAN_POINT ( 'NONE',  ( -2.781818181818181746, -4.569005513501256388, 0.0000000000000000000 ) ) ;
#1766 = AXIS2_PLACEMENT_3D ( 'NONE', #1065, #1325, #1086 ) ;
#1767 = CARTESIAN_POINT ( 'NONE',  ( -2.935531599454017648, 0.7999999999999812816, 0.0000000000000000000 ) ) ;
#1768 = LINE ( 'NONE', #1658, #1734 ) ;
#1769 = ORIENTED_EDGE ( 'NONE', *, *, #2361, .F. ) ;
#1770 = DIRECTION ( 'NONE',  ( 0.0000000000000000000, 0.0000000000000000000, 1.000000000000000000 ) ) ;
#1771 = EDGE_LOOP ( 'NONE', ( #2774, #999, #764, #860 ) ) ;
#1772 = VERTEX_POINT ( 'NONE', #2477 ) ;
#1773 = EDGE_CURVE ( 'NONE', #289, #2466, #1858, .T. ) ;
#1774 = DIRECTION ( 'NONE',  ( 1.000000000000000000, 0.0000000000000000000, 0.0000000000000000000 ) ) ;
#1775 = DIRECTION ( 'NONE',  ( 0.0000000000000000000, 0.0000000000000000000, 1.000000000000000000 ) ) ;
#1776 = EDGE_LOOP ( 'NONE', ( #559, #341, #2076, #1292 ) ) ;
#1777 = DIRECTION ( 'NONE',  ( 1.000000000000000000, 0.0000000000000000000, 0.0000000000000000000 ) ) ;
#1778 = CARTESIAN_POINT ( 'NONE',  ( 9.000000000000005329, -45.00000000000000000, 0.0000000000000000000 ) ) ;
#1779 = VERTEX_POINT ( 'NONE', #2901 ) ;
#1780 = ADVANCED_FACE ( 'NONE', ( #529, #2330, #2161, #1634, #1971, #1460, #1008, #1160, #1706, #1077, #458, #797, #2807, #2193, #1494, #905 ), #1050, .T. ) ;
#1781 = ORIENTED_EDGE ( 'NONE', *, *, #661, .F. ) ;
#1782 = LINE ( 'NONE', #2196, #683 ) ;
#1783 = EDGE_CURVE ( 'NONE', #894, #1378, #2043, .T. ) ;
#1784 = LINE ( 'NONE', #1726, #2956 ) ;
#1785 = CARTESIAN_POINT ( 'NONE',  ( 3.600000000000000089, -1.682731355976250009, 0.0000000000000000000 ) ) ;
#1786 = DIRECTION ( 'NONE',  ( 0.1552378339921333672, 0.9878771254044861339, 0.0000000000000000000 ) ) ;
#1787 = CIRCLE ( 'NONE', #2594, 9.000000000000000000 ) ;
#1788 = EDGE_CURVE ( 'NONE', #894, #2037, #309, .T. ) ;
#1789 = VECTOR ( 'NONE', #2954, 1000.000000000000000 ) ;
#1790 = FACE_OUTER_BOUND ( 'NONE', #627, .T. ) ;
#1791 = ORIENTED_EDGE ( 'NONE', *, *, #1852, .T. ) ;
#1792 = DIRECTION ( 'NONE',  ( 0.0000000000000000000, -0.0000000000000000000, -1.000000000000000000 ) ) ;
#1793 = ADVANCED_FACE ( 'NONE', ( #2664 ), #1348, .T. ) ;
#1794 = LINE ( 'NONE', #2711, #2892 ) ;
#1795 = ORIENTED_EDGE ( 'NONE', *, *, #1783, .T. ) ;
#1796 = DIRECTION ( 'NONE',  ( 1.000000000000000000, 0.0000000000000000000, 0.0000000000000000000 ) ) ;
#1797 = CARTESIAN_POINT ( 'NONE',  ( -13.00000000000000178, 64.84661709438347543, 5.000000000000000000 ) ) ;
#1798 = LINE ( 'NONE', #1886, #1223 ) ;
#1799 = ORIENTED_EDGE ( 'NONE', *, *, #2816, .F. ) ;
#1800 = ORIENTED_EDGE ( 'NONE', *, *, #1565, .F. ) ;
#1801 = VECTOR ( 'NONE', #2179, 1000.000000000000000 ) ;
#1802 = ORIENTED_EDGE ( 'NONE', *, *, #401, .F. ) ;
#1803 = CARTESIAN_POINT ( 'NONE',  ( 16.51999999999999602, 42.44661709438346264, 5.000000000000000000 ) ) ;
#1804 = FACE_OUTER_BOUND ( 'NONE', #1597, .T. ) ;
#1805 = AXIS2_PLACEMENT_3D ( 'NONE', #1708, #1948, #2390 ) ;
#1806 = DIRECTION ( 'NONE',  ( -0.1552378339921336448, 0.9878771254044861339, -0.0000000000000000000 ) ) ;
#1807 = ORIENTED_EDGE ( 'NONE', *, *, #395, .T. ) ;
#1808 = CARTESIAN_POINT ( 'NONE',  ( -23.19018268626025048, -2.495874921891080997E-15, 5.000000000000000000 ) ) ;
#1809 = CARTESIAN_POINT ( 'NONE',  ( -3.600000000000000089, 1.800000000000000266, 0.0000000000000000000 ) ) ;
#1810 = ADVANCED_FACE ( 'NONE', ( #1564 ), #2084, .F. ) ;
#1811 = VERTEX_POINT ( 'NONE', #2015 ) ;
#1812 = EDGE_CURVE ( 'NONE', #1722, #2385, #833, .T. ) ;
#1813 = VERTEX_POINT ( 'NONE', #2693 ) ;
#1814 = DIRECTION ( 'NONE',  ( 1.000000000000000000, 0.0000000000000000000, 0.0000000000000000000 ) ) ;
#1815 = CARTESIAN_POINT ( 'NONE',  ( 9.479999999999996874, 42.44661709438346264, 5.000000000000000000 ) ) ;
#1816 = ORIENTED_EDGE ( 'NONE', *, *, #2523, .T. ) ;
#1817 = LINE ( 'NONE', #1797, #2852 ) ;
#1818 = CARTESIAN_POINT ( 'NONE',  ( -23.06446840054596592, 0.7999999999999974909, 0.0000000000000000000 ) ) ;
#1819 = EDGE_CURVE ( 'NONE', #2252, #565, #2229, .T. ) ;
#1820 = CARTESIAN_POINT ( 'NONE',  ( -6.337142857142852748, 22.44661709438346264, 0.0000000000000000000 ) ) ;
#1821 = VERTEX_POINT ( 'NONE', #2708 ) ;
#1822 = VECTOR ( 'NONE', #233, 1000.000000000000227 ) ;
#1823 = DIRECTION ( 'NONE',  ( -0.1552378339921338390, -0.9878771254044861339, 0.0000000000000000000 ) ) ;
#1824 = AXIS2_PLACEMENT_3D ( 'NONE', #2226, #1979, #2002 ) ;
#1825 = PLANE ( 'NONE',  #2373 ) ;
#1826 = ADVANCED_FACE ( 'NONE', ( #1601 ), #200, .T. ) ;
#1827 = LINE ( 'NONE', #415, #1428 ) ;
#1828 = LINE ( 'NONE', #1617, #840 ) ;
#1829 = CARTESIAN_POINT ( 'NONE',  ( 14.88571428571428257, 52.84661709438346833, 0.0000000000000000000 ) ) ;
#1830 = VECTOR ( 'NONE', #2757, 1000.000000000000000 ) ;
#1831 = ORIENTED_EDGE ( 'NONE', *, *, #1919, .F. ) ;
#1832 = CARTESIAN_POINT ( 'NONE',  ( -8.999999999999994671, -45.00000000000000000, 5.000000000000000000 ) ) ;
#1833 = FACE_OUTER_BOUND ( 'NONE', #830, .T. ) ;
#1834 = ORIENTED_EDGE ( 'NONE', *, *, #2856, .F. ) ;
#1835 = ORIENTED_EDGE ( 'NONE', *, *, #2205, .F. ) ;
#1836 = LINE ( 'NONE', #556, #1511 ) ;
#1837 = ORIENTED_EDGE ( 'NONE', *, *, #2987, .T. ) ;
#1838 = DIRECTION ( 'NONE',  ( 0.0000000000000000000, 0.0000000000000000000, 1.000000000000000000 ) ) ;
#1839 = CARTESIAN_POINT ( 'NONE',  ( 23.19018268626030732, -2.427226307507445737E-18, 5.000000000000000000 ) ) ;
#1840 = ORIENTED_EDGE ( 'NONE', *, *, #2969, .F. ) ;
#1841 = VECTOR ( 'NONE', #256, 1000.000000000000227 ) ;
#1842 = DIRECTION ( 'NONE',  ( 0.9878771254044861339, -0.1552378339921333672, 0.0000000000000000000 ) ) ;
#1843 = DIRECTION ( 'NONE',  ( 0.0000000000000000000, 0.0000000000000000000, 1.000000000000000000 ) ) ;
#1844 = VERTEX_POINT ( 'NONE', #607 ) ;
#1845 = EDGE_CURVE ( 'NONE', #2302, #374, #349, .T. ) ;
#1846 = DIRECTION ( 'NONE',  ( 1.000000000000000000, 0.0000000000000000000, -0.0000000000000000000 ) ) ;
#1847 = ORIENTED_EDGE ( 'NONE', *, *, #285, .T. ) ;
#1848 = VERTEX_POINT ( 'NONE', #2251 ) ;
#1849 = CARTESIAN_POINT ( 'NONE',  ( -21.17142857142857082, 12.84661709438346477, 0.0000000000000000000 ) ) ;
#1850 = DIRECTION ( 'NONE',  ( 0.0000000000000000000, 0.0000000000000000000, 1.000000000000000000 ) ) ;
#1851 = ORIENTED_EDGE ( 'NONE', *, *, #443, .F. ) ;
#1852 = EDGE_CURVE ( 'NONE', #2131, #2463, #1893, .T. ) ;
#1853 = CARTESIAN_POINT ( 'NONE',  ( -12.50606143729775965, 66.85675460098572387, 5.000000000000000000 ) ) ;
#1854 = ORIENTED_EDGE ( 'NONE', *, *, #572, .F. ) ;
#1855 = DIRECTION ( 'NONE',  ( 0.2913043449262719964, -0.9566304294904461880, 0.0000000000000000000 ) ) ;
#1856 = ORIENTED_EDGE ( 'NONE', *, *, #2605, .T. ) ;
#1857 = CARTESIAN_POINT ( 'NONE',  ( 0.6000000000000000888, -1.199999999999999956, 0.0000000000000000000 ) ) ;
#1858 = LINE ( 'NONE', #1504, #1242 ) ;
#1859 = PLANE ( 'NONE',  #2127 ) ;
#1860 = FACE_OUTER_BOUND ( 'NONE', #722, .T. ) ;
#1861 = EDGE_CURVE ( 'NONE', #2152, #1732, #12, .T. ) ;
#1862 = AXIS2_PLACEMENT_3D ( 'NONE', #754, #48, #57 ) ;
#1863 = DIRECTION ( 'NONE',  ( -0.1552378339921335615, -0.9878771254044860228, 0.0000000000000000000 ) ) ;
#1864 = VECTOR ( 'NONE', #179, 1000.000000000000000 ) ;
#1865 = APPROVAL_STATUS ( 'not_yet_approved' ) ;
#1866 = CIRCLE ( 'NONE', #290, 0.7500000000000006661 ) ;
#1867 = CARTESIAN_POINT ( 'NONE',  ( -7.971428571428570642, 32.84661709438346833, 5.000000000000000000 ) ) ;
#1868 = ORIENTED_EDGE ( 'NONE', *, *, #760, .T. ) ;
#1869 = CARTESIAN_POINT ( 'NONE',  ( 9.611509172931224754, -41.58548811414295443, 5.000000000000000000 ) ) ;
#1870 = DIRECTION ( 'NONE',  ( 1.000000000000000000, 0.0000000000000000000, 0.0000000000000000000 ) ) ;
#1871 = ORIENTED_EDGE ( 'NONE', *, *, #1579, .T. ) ;
#1872 = EDGE_CURVE ( 'NONE', #1772, #1450, #2519, .T. ) ;
#1873 = LINE ( 'NONE', #2319, #2894 ) ;
#1874 = APPROVAL_STATUS ( 'not_yet_approved' ) ;
#1875 = ORIENTED_EDGE ( 'NONE', *, *, #1669, .T. ) ;
#1876 = VECTOR ( 'NONE', #2600, 1000.000000000000000 ) ;
#1877 = EDGE_CURVE ( 'NONE', #2871, #1309, #1817, .T. ) ;
#1878 = DIRECTION ( 'NONE',  ( 0.1552378339921333672, 0.9878771254044861339, 0.0000000000000000000 ) ) ;
#1879 = LINE ( 'NONE', #1248, #631 ) ;
#1880 = EDGE_CURVE ( 'NONE', #2075, #665, #2678, .T. ) ;
#1881 = ORIENTED_EDGE ( 'NONE', *, *, #931, .T. ) ;
#1882 = AXIS2_PLACEMENT_3D ( 'NONE', #1544, #2216, #1531 ) ;
#1883 = CARTESIAN_POINT ( 'NONE',  ( 4.765714285714244269, 12.44661709438345909, 0.0000000000000000000 ) ) ;
#1884 = ORIENTED_EDGE ( 'NONE', *, *, #1742, .F. ) ;
#1885 = ADVANCED_FACE ( 'NONE', ( #1833 ), #621, .F. ) ;
#1886 = CARTESIAN_POINT ( 'NONE',  ( -7.971428571428570642, 32.84661709438346833, 0.0000000000000000000 ) ) ;
#1887 = ORIENTED_EDGE ( 'NONE', *, *, #2591, .T. ) ;
#1888 = DIRECTION ( 'NONE',  ( 0.0000000000000000000, -1.000000000000000000, 0.0000000000000000000 ) ) ;
#1889 = DIRECTION ( 'NONE',  ( 0.0000000000000000000, 0.0000000000000000000, -1.000000000000000000 ) ) ;
#1890 = EDGE_CURVE ( 'NONE', #1743, #3018, #2967, .T. ) ;
#1891 = DIRECTION ( 'NONE',  ( -0.0000000000000000000, -0.0000000000000000000, 1.000000000000000000 ) ) ;
#1892 = VERTEX_POINT ( 'NONE', #1556 ) ;
#1893 = LINE ( 'NONE', #2720, #640 ) ;
#1894 = PLANE ( 'NONE',  #1069 ) ;
#1895 = ORIENTED_EDGE ( 'NONE', *, *, #2004, .F. ) ;
#1896 = VECTOR ( 'NONE', #1843, 1000.000000000000000 ) ;
#1897 = DIRECTION ( 'NONE',  ( 0.9878771254044861339, -0.1552378339921333672, 0.0000000000000000000 ) ) ;
#1898 = DIRECTION ( 'NONE',  ( -0.9878771254044861339, -0.1552378339921336448, 0.0000000000000000000 ) ) ;
#1899 = VECTOR ( 'NONE', #893, 1000.000000000000000 ) ;
#1900 = EDGE_CURVE ( 'NONE', #548, #625, #582, .T. ) ;
#1901 = ADVANCED_FACE ( 'NONE', ( #1133 ), #2269, .T. ) ;
#1902 = VECTOR ( 'NONE', #3024, 1000.000000000000000 ) ;
#1903 = SHAPE_DEFINITION_REPRESENTATION ( #1085, #2444 ) ;
#1904 = ORIENTED_EDGE ( 'NONE', *, *, #1982, .F. ) ;
#1905 = CC_DESIGN_PERSON_AND_ORGANIZATION_ASSIGNMENT ( #2053, #264, ( #2124 ) ) ;
#1906 = VECTOR ( 'NONE', #291, 999.9999999999998863 ) ;
#1907 = ORIENTED_EDGE ( 'NONE', *, *, #1872, .T. ) ;
#1908 = ORIENTED_EDGE ( 'NONE', *, *, #2370, .F. ) ;
#1909 = DIRECTION ( 'NONE',  ( 0.0000000000000000000, 0.0000000000000000000, 1.000000000000000000 ) ) ;
#1910 = LINE ( 'NONE', #1000, #921 ) ;
#1911 = CARTESIAN_POINT ( 'NONE',  ( -4.828571428571423851, 12.84661709438346477, 5.000000000000000000 ) ) ;
#1912 = VERTEX_POINT ( 'NONE', #135 ) ;
#1913 = LINE ( 'NONE', #1104, #2793 ) ;
#1914 = DIRECTION ( 'NONE',  ( -0.0000000000000000000, -0.0000000000000000000, -1.000000000000000000 ) ) ;
#1915 = VECTOR ( 'NONE', #2548, 1000.000000000000000 ) ;
#1916 = ADVANCED_FACE ( 'NONE', ( #545 ), #3005, .T. ) ;
#1917 = VERTEX_POINT ( 'NONE', #144 ) ;
#1918 = EDGE_CURVE ( 'NONE', #1158, #1425, #1433, .T. ) ;
#1919 = EDGE_CURVE ( 'NONE', #2850, #2303, #2531, .T. ) ;
#1920 = DIRECTION ( 'NONE',  ( 0.0000000000000000000, 0.0000000000000000000, 1.000000000000000000 ) ) ;
#1921 = DIRECTION ( 'NONE',  ( -0.1552378339921337003, 0.9878771254044860228, 0.0000000000000000000 ) ) ;
#1922 = ORIENTED_EDGE ( 'NONE', *, *, #839, .F. ) ;
#1923 = DIRECTION ( 'NONE',  ( 0.0000000000000000000, 0.0000000000000000000, 1.000000000000000000 ) ) ;
#1924 = ORIENTED_EDGE ( 'NONE', *, *, #1845, .F. ) ;
#1925 = AXIS2_PLACEMENT_3D ( 'NONE', #765, #531, #1222 ) ;
#1926 = CARTESIAN_POINT ( 'NONE',  ( 21.90932847383360382, -1.199999999999999956, 0.0000000000000000000 ) ) ;
#1927 = ORIENTED_EDGE ( 'NONE', *, *, #560, .F. ) ;
#1928 = VERTEX_POINT ( 'NONE', #402 ) ;
#1929 = DIRECTION ( 'NONE',  ( -0.9878771254044861339, -0.1552378339921336448, 0.0000000000000000000 ) ) ;
#1930 = VECTOR ( 'NONE', #1251, 1000.000000000000000 ) ;
#1931 = DIRECTION ( 'NONE',  ( -0.0000000000000000000, -0.0000000000000000000, 1.000000000000000000 ) ) ;
#1932 = CARTESIAN_POINT ( 'NONE',  ( 5.510910596163089556E-15, -45.00000000000000000, 5.000000000000000000 ) ) ;
#1933 = EDGE_CURVE ( 'NONE', #289, #2518, #2272, .T. ) ;
#1934 = ADVANCED_FACE ( 'NONE', ( #2607 ), #1610, .F. ) ;
#1935 = DIRECTION ( 'NONE',  ( 0.0000000000000000000, 0.0000000000000000000, 1.000000000000000000 ) ) ;
#1936 = VECTOR ( 'NONE', #1281, 1000.000000000000000 ) ;
#1937 = PERSON_AND_ORGANIZATION ( #2405, #25 ) ;
#1938 = CARTESIAN_POINT ( 'NONE',  ( 24.00000000000000000, -1.199999999999999956, 5.000000000000000000 ) ) ;
#1939 = EDGE_CURVE ( 'NONE', #991, #452, #1984, .T. ) ;
#1940 = CIRCLE ( 'NONE', #1662, 9.000000000000000000 ) ;
#1941 = EDGE_LOOP ( 'NONE', ( #2696, #2915, #2754, #1103 ) ) ;
#1942 = CARTESIAN_POINT ( 'NONE',  ( 19.59999999999999432, 22.84661709438346477, 5.000000000000000000 ) ) ;
#1943 = EDGE_LOOP ( 'NONE', ( #225, #2415, #2907, #2926 ) ) ;
#1944 = CARTESIAN_POINT ( 'NONE',  ( -11.11428571428571566, 52.84661709438346833, 0.0000000000000000000 ) ) ;
#1945 = CIRCLE ( 'NONE', #1227, 10.20000000000000107 ) ;
#1946 = FACE_OUTER_BOUND ( 'NONE', #1991, .T. ) ;
#1947 = EDGE_LOOP ( 'NONE', ( #2158, #2925, #1800, #2093 ) ) ;
#1948 = DIRECTION ( 'NONE',  ( -0.9878771254044861339, -0.1552378339921337280, 0.0000000000000000000 ) ) ;
#1949 = EDGE_CURVE ( 'NONE', #991, #1039, #1643, .T. ) ;
#1950 = DIRECTION ( 'NONE',  ( 0.0000000000000000000, 0.0000000000000000000, 1.000000000000000000 ) ) ;
#1951 = ORIENTED_EDGE ( 'NONE', *, *, #1432, .T. ) ;
#1953 = LINE ( 'NONE', #763, #2755 ) ;
#1952 = DIRECTION ( 'NONE',  ( -1.000000000000000000, 0.0000000000000000000, 0.0000000000000000000 ) ) ;
#1954 = CARTESIAN_POINT ( 'NONE',  ( 7.971428571428570642, 32.84661709438346833, 0.0000000000000000000 ) ) ;
#1955 = VECTOR ( 'NONE', #2986, 999.9999999999998863 ) ;
#1956 = ORIENTED_EDGE ( 'NONE', *, *, #204, .T. ) ;
#1957 = EDGE_CURVE ( 'NONE', #53, #2559, #657, .T. ) ;
#1958 = DIRECTION ( 'NONE',  ( -0.1552378339921336448, 0.9878771254044861339, -0.0000000000000000000 ) ) ;
#1959 = ORIENTED_EDGE ( 'NONE', *, *, #1918, .T. ) ;
#1960 = DIRECTION ( 'NONE',  ( -7.228014483236695816E-17, -1.000000000000000000, 0.0000000000000000000 ) ) ;
#1961 = DIRECTION ( 'NONE',  ( 1.000000000000000000, 0.0000000000000000000, 0.0000000000000000000 ) ) ;
#1962 = DIRECTION ( 'NONE',  ( -0.0000000000000000000, -0.0000000000000000000, -1.000000000000000000 ) ) ;
#1963 = CARTESIAN_POINT ( 'NONE',  ( 14.94857142857142485, 52.44661709438346975, 0.0000000000000000000 ) ) ;
#1964 = EDGE_LOOP ( 'NONE', ( #1875, #2546, #2979, #1403 ) ) ;
#1965 = CC_DESIGN_APPROVAL ( #2842, ( #2332 ) ) ;
#1966 = ADVANCED_FACE ( 'NONE', ( #2710 ), #30, .T. ) ;
#1967 = PLANE ( 'NONE',  #427 ) ;
#1968 = AXIS2_PLACEMENT_3D ( 'NONE', #1573, #2298, #645 ) ;
#1969 = CARTESIAN_POINT ( 'NONE',  ( -13.00000000000000178, 64.84661709438347543, 0.0000000000000000000 ) ) ;
#1970 = EDGE_LOOP ( 'NONE', ( #2418, #1922, #360, #678 ) ) ;
#1971 = FACE_BOUND ( 'NONE', #1568, .T. ) ;
#1972 = VERTEX_POINT ( 'NONE', #854 ) ;
#1973 = VECTOR ( 'NONE', #3011, 1000.000000000000000 ) ;
#1974 = CARTESIAN_POINT ( 'NONE',  ( -0.6000000000000000888, -1.199999999999999956, 0.0000000000000000000 ) ) ;
#1975 = DIRECTION ( 'NONE',  ( 0.1552378339921338113, 0.9878771254044860228, 0.0000000000000000000 ) ) ;
#1976 = EDGE_CURVE ( 'NONE', #899, #2385, #105, .T. ) ;
#1977 = DIRECTION ( 'NONE',  ( -0.2913043449262716633, 0.9566304294904461880, 0.0000000000000000000 ) ) ;
#1978 = CIRCLE ( 'NONE', #8, 9.000000000000000000 ) ;
#1979 = DIRECTION ( 'NONE',  ( 0.0000000000000000000, -0.0000000000000000000, -1.000000000000000000 ) ) ;
#1980 = CIRCLE ( 'NONE', #34, 10.20000000000000107 ) ;
#1981 = CIRCLE ( 'NONE', #861, 0.5000000000000004441 ) ;
#1982 = EDGE_CURVE ( 'NONE', #2850, #866, #1361, .T. ) ;
#1983 = EDGE_LOOP ( 'NONE', ( #823, #1493, #1542, #2577 ) ) ;
#1984 = LINE ( 'NONE', #612, #2927 ) ;
#1985 = ORIENTED_EDGE ( 'NONE', *, *, #2611, .F. ) ;
#1986 = EDGE_LOOP ( 'NONE', ( #2677, #2799, #2843, #2908 ) ) ;
#1987 = DIRECTION ( 'NONE',  ( 1.000000000000000000, 0.0000000000000000000, 0.0000000000000000000 ) ) ;
#1988 = AXIS2_PLACEMENT_3D ( 'NONE', #2686, #829, #2452 ) ;
#1989 = CARTESIAN_POINT ( 'NONE',  ( -19.65932847383360027, -1.199999999999999956, 0.0000000000000000000 ) ) ;
#1990 = CIRCLE ( 'NONE', #1440, 10.20000000000000107 ) ;
#1991 = EDGE_LOOP ( 'NONE', ( #1887, #1441, #1781, #2538 ) ) ;
#1992 = CARTESIAN_POINT ( 'NONE',  ( -21.23428571428571132, 12.44661709438345909, 0.0000000000000000000 ) ) ;
#1993 = VERTEX_POINT ( 'NONE', #1458 ) ;
#1994 = FACE_OUTER_BOUND ( 'NONE', #51, .T. ) ;
#1995 = VECTOR ( 'NONE', #723, 1000.000000000000000 ) ;
#1996 = CARTESIAN_POINT ( 'NONE',  ( 5.510910596163089556E-15, -45.00000000000000000, 5.000000000000000000 ) ) ;
#1997 = ORIENTED_EDGE ( 'NONE', *, *, #2884, .T. ) ;
#1998 = DIRECTION ( 'NONE',  ( 1.000000000000000000, 0.0000000000000000000, 0.0000000000000000000 ) ) ;
#1999 = PRODUCT ( 'Fingergripper', 'Fingergripper', '', ( #2846 ) ) ;
#2000 = CARTESIAN_POINT ( 'NONE',  ( 23.19018268626030732, -2.427226307507445737E-18, 5.000000000000000000 ) ) ;
#2001 = ORIENTED_EDGE ( 'NONE', *, *, #111, .F. ) ;
#2002 = DIRECTION ( 'NONE',  ( 1.000000000000000000, 0.0000000000000000000, 0.0000000000000000000 ) ) ;
#2003 = ORIENTED_EDGE ( 'NONE', *, *, #1295, .F. ) ;
#2004 = EDGE_CURVE ( 'NONE', #2140, #288, #812, .T. ) ;
#2005 = ORIENTED_EDGE ( 'NONE', *, *, #1695, .F. ) ;
#2006 = DIRECTION ( 'NONE',  ( 0.0000000000000000000, 0.0000000000000000000, 1.000000000000000000 ) ) ;
#2007 = CARTESIAN_POINT ( 'NONE',  ( -1.349999999999999867, -1.199999999999999956, 0.0000000000000000000 ) ) ;
#2008 = ORIENTED_EDGE ( 'NONE', *, *, #1146, .F. ) ;
#2009 = FACE_OUTER_BOUND ( 'NONE', #417, .T. ) ;
#2010 = DIRECTION ( 'NONE',  ( 1.000000000000000000, -2.602085213965211430E-15, 0.0000000000000000000 ) ) ;
#2011 = EDGE_CURVE ( 'NONE', #2075, #1156, #2461, .T. ) ;
#2012 = ORIENTED_EDGE ( 'NONE', *, *, #805, .F. ) ;
#2013 = ADVANCED_FACE ( 'NONE', ( #2383 ), #2639, .T. ) ;
#2014 = VECTOR ( 'NONE', #1663, 1000.000000000000000 ) ;
#2015 = CARTESIAN_POINT ( 'NONE',  ( -11.05142857142857160, 52.44661709438347685, 0.0000000000000000000 ) ) ;
#2016 = ORIENTED_EDGE ( 'NONE', *, *, #1877, .F. ) ;
#2017 = CARTESIAN_POINT ( 'NONE',  ( 7.971428571428570642, 32.84661709438346833, 0.0000000000000000000 ) ) ;
#2018 = VECTOR ( 'NONE', #1365, 1000.000000000000000 ) ;
#2019 = CARTESIAN_POINT ( 'NONE',  ( -2.935531599454019425, 0.7999999999999944933, 0.0000000000000000000 ) ) ;
#2020 = VERTEX_POINT ( 'NONE', #2406 ) ;
#2021 = DIRECTION ( 'NONE',  ( 0.0000000000000000000, 0.0000000000000000000, 1.000000000000000000 ) ) ;
#2022 = EDGE_CURVE ( 'NONE', #1439, #2106, #985, .T. ) ;
#2023 = EDGE_CURVE ( 'NONE', #2554, #1772, #1053, .T. ) ;
#2024 = VECTOR ( 'NONE', #525, 1000.000000000000000 ) ;
#2025 = VECTOR ( 'NONE', #3007, 1000.000000000000000 ) ;
#2026 = ORIENTED_EDGE ( 'NONE', *, *, #1383, .T. ) ;
#2027 = CARTESIAN_POINT ( 'NONE',  ( -10.20000000000000107, -14.38233764908628132, 5.000000000000000000 ) ) ;
#2028 = AXIS2_PLACEMENT_3D ( 'NONE', #2362, #949, #498 ) ;
#2029 = DIRECTION ( 'NONE',  ( 1.000000000000000000, 0.0000000000000000000, 0.0000000000000000000 ) ) ;
#2030 = ORIENTED_EDGE ( 'NONE', *, *, #454, .F. ) ;
#2031 = VECTOR ( 'NONE', #1174, 1000.000000000000114 ) ;
#2032 = DIRECTION ( 'NONE',  ( 0.0000000000000000000, 0.0000000000000000000, 1.000000000000000000 ) ) ;
#2033 = ORIENTED_EDGE ( 'NONE', *, *, #2181, .F. ) ;
#2034 = VERTEX_POINT ( 'NONE', #318 ) ;
#2035 = EDGE_CURVE ( 'NONE', #1347, #991, #954, .T. ) ;
#2036 = DIRECTION ( 'NONE',  ( 0.0000000000000000000, 1.000000000000000000, -0.0000000000000000000 ) ) ;
#2037 = VERTEX_POINT ( 'NONE', #2397 ) ;
#2038 = DIRECTION ( 'NONE',  ( -0.1552378339921336448, 0.9878771254044861339, -0.0000000000000000000 ) ) ;
#2039 = CARTESIAN_POINT ( 'NONE',  ( 22.35221977631104906, -1.805266300226465281, 0.0000000000000000000 ) ) ;
#2040 = EDGE_LOOP ( 'NONE', ( #399, #380, #2869, #110, #1837, #148, #1697, #824, #1153, #2588, #1754, #737, #1580 ) ) ;
#2041 = DIRECTION ( 'NONE',  ( -0.9878771254044861339, -0.1552378339921337280, 0.0000000000000000000 ) ) ;
#2042 = ORIENTED_EDGE ( 'NONE', *, *, #2044, .F. ) ;
#2043 = CIRCLE ( 'NONE', #1608, 0.7500000000000006661 ) ;
#2044 = EDGE_CURVE ( 'NONE', #866, #2727, #1676, .T. ) ;
#2045 = AXIS2_PLACEMENT_3D ( 'NONE', #2231, #90, #825 ) ;
#2046 = ORIENTED_EDGE ( 'NONE', *, *, #1550, .F. ) ;
#2047 = DIRECTION ( 'NONE',  ( 0.0000000000000000000, 0.0000000000000000000, 1.000000000000000000 ) ) ;
#2048 = LINE ( 'NONE', #3049, #802 ) ;
#2049 = ADVANCED_FACE ( 'NONE', ( #2237 ), #1245, .T. ) ;
#2050 = CARTESIAN_POINT ( 'NONE',  ( -13.00000000000000178, 64.84661709438347543, 0.0000000000000000000 ) ) ;
#2051 = CARTESIAN_POINT ( 'NONE',  ( 7.908571428571426587, 32.44661709438346264, 0.0000000000000000000 ) ) ;
#2052 = FACE_OUTER_BOUND ( 'NONE', #2307, .T. ) ;
#2053 = PERSON_AND_ORGANIZATION ( #2405, #25 ) ;
#2054 = EDGE_CURVE ( 'NONE', #2303, #2360, #1756, .T. ) ;
#2055 = VECTOR ( 'NONE', #2797, 1000.000000000000000 ) ;
#2056 = VERTEX_POINT ( 'NONE', #1267 ) ;
#2057 = DIRECTION ( 'NONE',  ( -1.000000000000000000, 0.0000000000000000000, 0.0000000000000000000 ) ) ;
#2058 = VECTOR ( 'NONE', #1770, 1000.000000000000000 ) ;
#2059 = DIRECTION ( 'NONE',  ( 0.9878771254044861339, -0.1552378339921333672, 0.0000000000000000000 ) ) ;
#2060 = ORIENTED_EDGE ( 'NONE', *, *, #1128, .T. ) ;
#2061 = CARTESIAN_POINT ( 'NONE',  ( 11.05142857142854496, 52.44661709438348396, 0.0000000000000000000 ) ) ;
#2062 = ORIENTED_EDGE ( 'NONE', *, *, #139, .T. ) ;
#2063 = CARTESIAN_POINT ( 'NONE',  ( -21.90932847383360382, -1.199999999999999956, 0.0000000000000000000 ) ) ;
#2064 = VECTOR ( 'NONE', #1452, 1000.000000000000000 ) ;
#2065 = EDGE_LOOP ( 'NONE', ( #1408, #230, #191, #1199 ) ) ;
#2066 = EDGE_CURVE ( 'NONE', #639, #2385, #2168, .T. ) ;
#2067 = CARTESIAN_POINT ( 'NONE',  ( 3.600000000000000977, 1.800000000000000266, 0.0000000000000000000 ) ) ;
#2068 = ORIENTED_EDGE ( 'NONE', *, *, #1046, .T. ) ;
#2069 = VECTOR ( 'NONE', #563, 1000.000000000000000 ) ;
#2070 = AXIS2_PLACEMENT_3D ( 'NONE', #2624, #2606, #476 ) ;
#2071 = CYLINDRICAL_SURFACE ( 'NONE', #64, 9.000000000000000000 ) ;
#2072 = ORIENTED_EDGE ( 'NONE', *, *, #2433, .F. ) ;
#2073 = AXIS2_PLACEMENT_3D ( 'NONE', #679, #1583, #1124 ) ;
#2074 = CARTESIAN_POINT ( 'NONE',  ( 24.00000000000000000, 1.383787393197646916E-15, 5.000000000000000000 ) ) ;
#2075 = VERTEX_POINT ( 'NONE', #2442 ) ;
#2076 = ORIENTED_EDGE ( 'NONE', *, *, #1122, .F. ) ;
#2077 = ORIENTED_EDGE ( 'NONE', *, *, #1890, .T. ) ;
#2078 = ADVANCED_FACE ( 'NONE', ( #177 ), #74, .F. ) ;
#2079 = EDGE_LOOP ( 'NONE', ( #815, #2837, #1119, #383 ) ) ;
#2080 = CARTESIAN_POINT ( 'NONE',  ( -21.23428571428571132, 12.44661709438345909, 0.0000000000000000000 ) ) ;
#2081 = EDGE_CURVE ( 'NONE', #2384, #471, #1541, .T. ) ;
#2082 = EDGE_CURVE ( 'NONE', #814, #2867, #2419, .T. ) ;
#2083 = EDGE_LOOP ( 'NONE', ( #2101, #1526, #121, #1271 ) ) ;
#2084 = CYLINDRICAL_SURFACE ( 'NONE', #726, 0.7500000000000000000 ) ;
#2085 = CARTESIAN_POINT ( 'NONE',  ( 0.0000000000000000000, -14.38233764908628309, 5.000000000000000000 ) ) ;
#2086 = CARTESIAN_POINT ( 'NONE',  ( 21.17142857142857082, 12.84661709438346477, 0.0000000000000000000 ) ) ;
#2087 = CARTESIAN_POINT ( 'NONE',  ( 21.45932847383360098, -0.5999999999999993117, 0.0000000000000000000 ) ) ;
#2088 = FACE_OUTER_BOUND ( 'NONE', #157, .T. ) ;
#2089 = COORDINATED_UNIVERSAL_TIME_OFFSET ( 1, 0, .AHEAD. ) ;
#2090 = DIRECTION ( 'NONE',  ( 0.0000000000000000000, -0.0000000000000000000, 1.000000000000000000 ) ) ;
#2091 = ADVANCED_FACE ( 'NONE', ( #1177 ), #2786, .T. ) ;
#2092 = VECTOR ( 'NONE', #1084, 1000.000000000000000 ) ;
#2093 = ORIENTED_EDGE ( 'NONE', *, *, #260, .T. ) ;
#2094 = EDGE_CURVE ( 'NONE', #1234, #2893, #2208, .T. ) ;
#2095 = DIRECTION ( 'NONE',  ( 0.0000000000000000000, 0.0000000000000000000, 1.000000000000000000 ) ) ;
#2096 = ORIENTED_EDGE ( 'NONE', *, *, #204, .F. ) ;
#2097 = LINE ( 'NONE', #26, #1395 ) ;
#2098 = DIRECTION ( 'NONE',  ( -0.1552378339921333672, -0.9878771254044861339, -0.0000000000000000000 ) ) ;
#2099 = CARTESIAN_POINT ( 'NONE',  ( -6.399999999999996803, 22.84661709438346477, 5.000000000000000000 ) ) ;
#2100 = LINE ( 'NONE', #2759, #1027 ) ;
#2101 = ORIENTED_EDGE ( 'NONE', *, *, #3, .F. ) ;
#2102 = EDGE_LOOP ( 'NONE', ( #239, #2663, #1685, #2443 ) ) ;
#2103 = LINE ( 'NONE', #1083, #262 ) ;
#2104 = EDGE_CURVE ( 'NONE', #1324, #1692, #2133, .T. ) ;
#2105 = CARTESIAN_POINT ( 'NONE',  ( -10.20000000000000107, -14.38233764908628132, 0.0000000000000000000 ) ) ;
#2106 = VERTEX_POINT ( 'NONE', #600 ) ;
#2107 = PERSON_AND_ORGANIZATION_ROLE ( 'creator' ) ;
#2108 = ADVANCED_FACE ( 'NONE', ( #1721 ), #1275, .F. ) ;
#2109 = ORIENTED_EDGE ( 'NONE', *, *, #413, .F. ) ;
#2110 = CARTESIAN_POINT ( 'NONE',  ( 13.49393856270224568, 66.85675460098573808, 0.0000000000000000000 ) ) ;
#2111 = DIRECTION ( 'NONE',  ( 1.000000000000000000, 0.0000000000000000000, 0.0000000000000000000 ) ) ;
#2112 = ORIENTED_EDGE ( 'NONE', *, *, #2353, .F. ) ;
#2113 = EDGE_CURVE ( 'NONE', #3018, #2534, #1794, .T. ) ;
#2114 = CARTESIAN_POINT ( 'NONE',  ( 0.0000000000000000000, -14.38233764908628309, 0.0000000000000000000 ) ) ;
#2115 = ORIENTED_EDGE ( 'NONE', *, *, #2839, .T. ) ;
#2116 = ORIENTED_EDGE ( 'NONE', *, *, #303, .T. ) ;
#2117 = VECTOR ( 'NONE', #808, 1000.000000000000000 ) ;
#2118 = DIRECTION ( 'NONE',  ( 0.0000000000000000000, 0.0000000000000000000, -1.000000000000000000 ) ) ;
#2119 = PLANE ( 'NONE',  #1342 ) ;
#2120 = ORIENTED_EDGE ( 'NONE', *, *, #313, .T. ) ;
#2121 = VECTOR ( 'NONE', #1863, 1000.000000000000114 ) ;
#2122 = AXIS2_PLACEMENT_3D ( 'NONE', #222, #937, #2163 ) ;
#2123 = CARTESIAN_POINT ( 'NONE',  ( 21.90932847383360382, -1.199999999999999956, 0.0000000000000000000 ) ) ;
#2124 = PRODUCT_DEFINITION_FORMATION_WITH_SPECIFIED_SOURCE ( 'ANY', '', #1999, .NOT_KNOWN. ) ;
#2125 = VECTOR ( 'NONE', #1914, 1000.000000000000000 ) ;
#2126 = CALENDAR_DATE ( 2019, 23, 5 ) ;
#2127 = AXIS2_PLACEMENT_3D ( 'NONE', #1397, #3036, #2828 ) ;
#2128 = DIRECTION ( 'NONE',  ( 1.000000000000000000, 0.0000000000000000000, 0.0000000000000000000 ) ) ;
#2129 = LINE ( 'NONE', #635, #1323 ) ;
#2130 = CARTESIAN_POINT ( 'NONE',  ( 23.06446840054602276, 0.7999999999999976019, 5.000000000000000000 ) ) ;
#2131 = VERTEX_POINT ( 'NONE', #1757 ) ;
#2132 = DIRECTION ( 'NONE',  ( 0.0000000000000000000, 0.0000000000000000000, 1.000000000000000000 ) ) ;
#2133 = CIRCLE ( 'NONE', #1515, 2.999999999999999112 ) ;
#2134 = CARTESIAN_POINT ( 'NONE',  ( -6.337142857142852748, 22.44661709438346264, 5.000000000000000000 ) ) ;
#2135 = CLOSED_SHELL ( 'NONE', ( #1567, #2945, #1413, #1793, #596, #159, #1081, #704, #2658, #831, #675, #2013, #3014, #2615, #1901, #2270, #842, #1715, #203, #2246, #100, #751, #1150, #934, #2316, #1355, #2977, #870, #1780, #2849, #2492, #906, #120, #236, #1652, #1885, #2108, #334, #2345, #281, #439, #1038, #2331, #736, #468, #1521, #2764, #2931, #1636, #1622, #1112, #2394, #2598, #2078, #1233, #147, #2585, #2476, #346, #2959, #743, #176, #219, #1165, #1916, #2431, #2049, #2691, #1461, #1187, #2091, #362, #577, #1215, #1810, #2218, #2141, #1966, #18, #637, #28, #422, #1934, #1313, #2822, #1826, #1446, #2808 ) ) ;
#2136 = ORIENTED_EDGE ( 'NONE', *, *, #2507, .F. ) ;
#2137 = EDGE_CURVE ( 'NONE', #1358, #682, #1508, .T. ) ;
#2138 = CARTESIAN_POINT ( 'NONE',  ( 6.399999999999996803, 22.84661709438346477, 5.000000000000000000 ) ) ;
#2139 = FACE_OUTER_BOUND ( 'NONE', #1771, .T. ) ;
#2140 = VERTEX_POINT ( 'NONE', #512 ) ;
#2141 = ADVANCED_FACE ( 'NONE', ( #473 ), #469, .T. ) ;
#2142 = VECTOR ( 'NONE', #1931, 1000.000000000000000 ) ;
#2143 = ORIENTED_EDGE ( 'NONE', *, *, #1423, .T. ) ;
#2144 = CARTESIAN_POINT ( 'NONE',  ( -13.00000000000000711, 66.77913568398966504, 5.000000000000000000 ) ) ;
#2145 = CARTESIAN_POINT ( 'NONE',  ( 16.51999999999999602, 42.44661709438346264, 0.0000000000000000000 ) ) ;
#2146 = CARTESIAN_POINT ( 'NONE',  ( -13.00000000000000178, 64.84661709438347543, 0.0000000000000000000 ) ) ;
#2147 = CIRCLE ( 'NONE', #1862, 0.7500000000000000000 ) ;
#2148 = CARTESIAN_POINT ( 'NONE',  ( -23.99999999999999289, 0.0000000000000000000, 0.0000000000000000000 ) ) ;
#2149 = ORIENTED_EDGE ( 'NONE', *, *, #241, .F. ) ;
#2150 = AXIS2_PLACEMENT_3D ( 'NONE', #2513, #2738, #1317 ) ;
#2151 = CARTESIAN_POINT ( 'NONE',  ( 2.935531599453984342, 0.7999999999999954925, 0.0000000000000000000 ) ) ;
#2152 = VERTEX_POINT ( 'NONE', #1740 ) ;
#2153 = DATE_TIME_ROLE ( 'creation_date' ) ;
#2154 = DIRECTION ( 'NONE',  ( 0.0000000000000000000, -1.000000000000000000, 0.0000000000000000000 ) ) ;
#2155 = ORIENTED_EDGE ( 'NONE', *, *, #1933, .F. ) ;
#2156 = DIRECTION ( 'NONE',  ( -0.1552378339921335615, -0.9878771254044860228, 0.0000000000000000000 ) ) ;
#2157 = DIRECTION ( 'NONE',  ( 1.000000000000000000, 0.0000000000000000000, 0.0000000000000000000 ) ) ;
#2158 = ORIENTED_EDGE ( 'NONE', *, *, #2255, .F. ) ;
#2159 = CARTESIAN_POINT ( 'NONE',  ( -11.11428571428571566, 52.84661709438346833, 5.000000000000000000 ) ) ;
#2160 = EDGE_LOOP ( 'NONE', ( #2042, #1904, #2689, #2167 ) ) ;
#2161 = FACE_BOUND ( 'NONE', #1148, .T. ) ;
#2162 = DIRECTION ( 'NONE',  ( 0.0000000000000000000, 0.0000000000000000000, 1.000000000000000000 ) ) ;
#2163 = DIRECTION ( 'NONE',  ( 0.0000000000000000000, -0.0000000000000000000, 1.000000000000000000 ) ) ;
#2164 = EDGE_CURVE ( 'NONE', #1169, #2952, #2342, .T. ) ;
#2165 = DIRECTION ( 'NONE',  ( 0.1552378339921335615, 0.9878771254044860228, 0.0000000000000000000 ) ) ;
#2166 = LINE ( 'NONE', #2151, #2564 ) ;
#2167 = ORIENTED_EDGE ( 'NONE', *, *, #1146, .T. ) ;
#2168 = LINE ( 'NONE', #1255, #323 ) ;
#2169 = ORIENTED_EDGE ( 'NONE', *, *, #2811, .F. ) ;
#2170 = EDGE_LOOP ( 'NONE', ( #1228, #1851, #2005, #276 ) ) ;
#2171 = EDGE_CURVE ( 'NONE', #1214, #436, #1089, .T. ) ;
#2172 = VECTOR ( 'NONE', #978, 999.9999999999998863 ) ;
#2173 = CARTESIAN_POINT ( 'NONE',  ( -9.000000000000000000, -14.38233764908628132, 0.0000000000000000000 ) ) ;
#2174 = CARTESIAN_POINT ( 'NONE',  ( 18.02857142857142492, 32.84661709438346833, 0.0000000000000000000 ) ) ;
#2175 = VECTOR ( 'NONE', #2792, 999.9999999999998863 ) ;
#2176 = DIRECTION ( 'NONE',  ( 0.0000000000000000000, 1.000000000000000000, -0.0000000000000000000 ) ) ;
#2177 = CYLINDRICAL_SURFACE ( 'NONE', #229, 10.20000000000000107 ) ;
#2178 = ORIENTED_EDGE ( 'NONE', *, *, #1529, .T. ) ;
#2179 = DIRECTION ( 'NONE',  ( -1.000000000000000000, 0.0000000000000000000, 0.0000000000000000000 ) ) ;
#2180 = EDGE_LOOP ( 'NONE', ( #32, #2227, #2942, #2254 ) ) ;
#2181 = EDGE_CURVE ( 'NONE', #974, #2914, #1980, .T. ) ;
#2182 = DIRECTION ( 'NONE',  ( 1.000000000000000000, 0.0000000000000000000, 0.0000000000000000000 ) ) ;
#2183 = DIRECTION ( 'NONE',  ( -1.000000000000000000, 0.0000000000000000000, 0.0000000000000000000 ) ) ;
#2184 = EDGE_LOOP ( 'NONE', ( #1559, #2681, #1671, #72 ) ) ;
#2185 = CARTESIAN_POINT ( 'NONE',  ( -21.25389369774948989, -3.352418466353507931, 0.0000000000000000000 ) ) ;
#2186 = AXIS2_PLACEMENT_3D ( 'NONE', #2557, #1838, #2128 ) ;
#2187 = ORIENTED_EDGE ( 'NONE', *, *, #3032, .F. ) ;
#2188 = AXIS2_PLACEMENT_3D ( 'NONE', #2525, #2059, #1594 ) ;
#2189 = VERTEX_POINT ( 'NONE', #2480 ) ;
#2190 = CARTESIAN_POINT ( 'NONE',  ( -6.399999999999996803, 22.84661709438346477, 0.0000000000000000000 ) ) ;
#2191 = VERTEX_POINT ( 'NONE', #1064 ) ;
#2192 = CARTESIAN_POINT ( 'NONE',  ( 23.19018268626030732, -2.427226307507445737E-18, 0.0000000000000000000 ) ) ;
#2193 = FACE_BOUND ( 'NONE', #2388, .T. ) ;
#2194 = DIRECTION ( 'NONE',  ( 0.0000000000000000000, 0.0000000000000000000, 1.000000000000000000 ) ) ;
#2195 = CARTESIAN_POINT ( 'NONE',  ( -8.999999999999994671, -45.00000000000000000, 0.0000000000000000000 ) ) ;
#2196 = CARTESIAN_POINT ( 'NONE',  ( 23.06446840054602276, 0.7999999999999976019, 0.0000000000000000000 ) ) ;
#2197 = EDGE_CURVE ( 'NONE', #625, #548, #1940, .T. ) ;
#2198 = CARTESIAN_POINT ( 'NONE',  ( -0.6000000000000000888, -1.682731355976250232, 5.000000000000000000 ) ) ;
#2199 = CYLINDRICAL_SURFACE ( 'NONE', #750, 9.000000000000000000 ) ;
#2200 = EDGE_CURVE ( 'NONE', #703, #1481, #24, .T. ) ;
#2201 = VECTOR ( 'NONE', #2669, 1000.000000000000000 ) ;
#2202 = DIRECTION ( 'NONE',  ( 0.0000000000000000000, 0.0000000000000000000, 1.000000000000000000 ) ) ;
#2203 = CARTESIAN_POINT ( 'NONE',  ( -0.6000000000000000888, -1.199999999999999956, 0.0000000000000000000 ) ) ;
#2204 = CARTESIAN_POINT ( 'NONE',  ( -8.768485069976517110E-14, 0.0005701177731650027003, 2.500000000000000000 ) ) ;
#2205 = EDGE_CURVE ( 'NONE', #2989, #1848, #3000, .T. ) ;
#2206 = LINE ( 'NONE', #911, #62 ) ;
#2207 = ORIENTED_EDGE ( 'NONE', *, *, #454, .T. ) ;
#2208 = CIRCLE ( 'NONE', #2396, 0.7500000000000002220 ) ;
#2209 = CARTESIAN_POINT ( 'NONE',  ( 23.06446840054602276, 0.7999999999999976019, 0.0000000000000000000 ) ) ;
#2210 = EDGE_LOOP ( 'NONE', ( #1293, #2312 ) ) ;
#2211 = LINE ( 'NONE', #1254, #1581 ) ;
#2212 = EDGE_CURVE ( 'NONE', #897, #903, #2634, .T. ) ;
#2213 = ORIENTED_EDGE ( 'NONE', *, *, #2632, .T. ) ;
#2214 = LINE ( 'NONE', #786, #76 ) ;
#2215 = DIRECTION ( 'NONE',  ( -1.000000000000000000, 0.0000000000000000000, 0.0000000000000000000 ) ) ;
#2216 = DIRECTION ( 'NONE',  ( -0.0000000000000000000, 0.0000000000000000000, 1.000000000000000000 ) ) ;
#2217 = VECTOR ( 'NONE', #2830, 1000.000000000000000 ) ;
#2218 = ADVANCED_FACE ( 'NONE', ( #2456 ), #1716, .F. ) ;
#2219 = VERTEX_POINT ( 'NONE', #1525 ) ;
#2220 = EDGE_CURVE ( 'NONE', #1917, #2534, #2887, .T. ) ;
#2221 = ORIENTED_EDGE ( 'NONE', *, *, #1788, .T. ) ;
#2222 = CARTESIAN_POINT ( 'NONE',  ( -7.908571428571426587, 32.44661709438346264, 5.000000000000000000 ) ) ;
#2223 = EDGE_LOOP ( 'NONE', ( #1739, #2282, #1705, #2529 ) ) ;
#2224 = AXIS2_PLACEMENT_3D ( 'NONE', #2230, #2930, #2917 ) ;
#2225 = CARTESIAN_POINT ( 'NONE',  ( -13.49393856270224745, 66.85675460098572387, 5.000000000000000000 ) ) ;
#2226 = CARTESIAN_POINT ( 'NONE',  ( 13.00000000000000711, 66.77913568398967925, 0.0000000000000000000 ) ) ;
#2227 = ORIENTED_EDGE ( 'NONE', *, *, #342, .T. ) ;
#2228 = EDGE_LOOP ( 'NONE', ( #2001, #305, #1831, #1144 ) ) ;
#2229 = LINE ( 'NONE', #1024, #2117 ) ;
#2230 = CARTESIAN_POINT ( 'NONE',  ( -16.51999999999999602, 42.44661709438346264, 0.0000000000000000000 ) ) ;
#2231 = CARTESIAN_POINT ( 'NONE',  ( 24.12378498622083356, -4.226331501132321478, 5.000000000000000000 ) ) ;
#2232 = DIRECTION ( 'NONE',  ( -0.1552378339921337003, 0.9878771254044860228, 0.0000000000000000000 ) ) ;
#2233 = CYLINDRICAL_SURFACE ( 'NONE', #1225, 2.999999999999999112 ) ;
#2234 = EDGE_CURVE ( 'NONE', #1019, #2765, #578, .T. ) ;
#2235 = AXIS2_PLACEMENT_3D ( 'NONE', #459, #1898, #2 ) ;
#2236 = ORIENTED_EDGE ( 'NONE', *, *, #2563, .T. ) ;
#2237 = FACE_OUTER_BOUND ( 'NONE', #2552, .T. ) ;
#2238 = ORIENTED_EDGE ( 'NONE', *, *, #1377, .T. ) ;
#2239 = ORIENTED_EDGE ( 'NONE', *, *, #2512, .T. ) ;
#2240 = CARTESIAN_POINT ( 'NONE',  ( -11.11428571428571566, 52.84661709438346833, 0.0000000000000000000 ) ) ;
#2241 = CARTESIAN_POINT ( 'NONE',  ( 11.05142857142857160, 52.44661709438347685, 5.000000000000000000 ) ) ;
#2242 = AXIS2_PLACEMENT_3D ( 'NONE', #601, #154, #1308 ) ;
#2243 = FACE_OUTER_BOUND ( 'NONE', #2725, .T. ) ;
#2244 = VERTEX_POINT ( 'NONE', #2039 ) ;
#2245 = FACE_OUTER_BOUND ( 'NONE', #2306, .T. ) ;
#2246 = ADVANCED_FACE ( 'NONE', ( #2742 ), #2995, .T. ) ;
#2247 = LINE ( 'NONE', #774, #1261 ) ;
#2248 = EDGE_CURVE ( 'NONE', #2034, #1363, #2129, .T. ) ;
#2249 = CARTESIAN_POINT ( 'NONE',  ( -1.800000000000000044, -0.5999999999999999778, 0.0000000000000000000 ) ) ;
#2250 = ORIENTED_EDGE ( 'NONE', *, *, #2361, .T. ) ;
#2251 = CARTESIAN_POINT ( 'NONE',  ( 9.000000000000005329, -45.00000000000000000, 5.000000000000000000 ) ) ;
#2252 = VERTEX_POINT ( 'NONE', #163 ) ;
#2253 = CARTESIAN_POINT ( 'NONE',  ( 1.350000000000000089, -1.199999999999999956, 0.0000000000000000000 ) ) ;
#2254 = ORIENTED_EDGE ( 'NONE', *, *, #339, .T. ) ;
#2255 = EDGE_CURVE ( 'NONE', #703, #956, #208, .T. ) ;
#2256 = ORIENTED_EDGE ( 'NONE', *, *, #987, .F. ) ;
#2257 = ORIENTED_EDGE ( 'NONE', *, *, #1760, .T. ) ;
#2258 = LINE ( 'NONE', #2889, #611 ) ;
#2259 = VECTOR ( 'NONE', #2090, 1000.000000000000000 ) ;
#2260 = ORIENTED_EDGE ( 'NONE', *, *, #98, .F. ) ;
#2261 = EDGE_CURVE ( 'NONE', #1813, #1169, #694, .T. ) ;
#2262 = CARTESIAN_POINT ( 'NONE',  ( -18.09142857142856897, 32.44661709438346264, 5.000000000000000000 ) ) ;
#2263 = LINE ( 'NONE', #2204, #2493 ) ;
#2264 = ORIENTED_EDGE ( 'NONE', *, *, #1129, .F. ) ;
#2265 = CARTESIAN_POINT ( 'NONE',  ( -21.23428571428571132, 12.44661709438345909, 5.000000000000000000 ) ) ;
#2266 = FACE_OUTER_BOUND ( 'NONE', #590, .T. ) ;
#2267 = DIRECTION ( 'NONE',  ( 0.0000000000000000000, 0.0000000000000000000, 1.000000000000000000 ) ) ;
#2268 = ORIENTED_EDGE ( 'NONE', *, *, #1742, .T. ) ;
#2269 = PLANE ( 'NONE',  #464 ) ;
#2270 = ADVANCED_FACE ( 'NONE', ( #1250 ), #2502, .T. ) ;
#2271 = AXIS2_PLACEMENT_3D ( 'NONE', #2957, #2716, #2509 ) ;
#2272 = LINE ( 'NONE', #1346, #397 ) ;
#2273 = VERTEX_POINT ( 'NONE', #389 ) ;
#2274 = AXIS2_PLACEMENT_3D ( 'NONE', #2386, #2617, #982 ) ;
#2275 = VECTOR ( 'NONE', #3027, 1000.000000000000227 ) ;
#2276 = ORIENTED_EDGE ( 'NONE', *, *, #2066, .T. ) ;
#2277 = DIRECTION ( 'NONE',  ( 0.1552378339921338113, 0.9878771254044860228, 0.0000000000000000000 ) ) ;
#2278 = ORIENTED_EDGE ( 'NONE', *, *, #2794, .T. ) ;
#2279 = VECTOR ( 'NONE', #1205, 1000.000000000000114 ) ;
#2280 = CARTESIAN_POINT ( 'NONE',  ( 13.00000000000000533, 64.84661709438364596, 5.000000000000000000 ) ) ;
#2281 = FACE_OUTER_BOUND ( 'NONE', #731, .T. ) ;
#2282 = ORIENTED_EDGE ( 'NONE', *, *, #1718, .F. ) ;
#2283 = EDGE_CURVE ( 'NONE', #196, #2020, #2496, .T. ) ;
#2284 = CARTESIAN_POINT ( 'NONE',  ( 1.800000000000000488, -0.5999999999999996447, 5.000000000000000000 ) ) ;
#2285 = PLANE ( 'NONE',  #701 ) ;
#2286 = EDGE_LOOP ( 'NONE', ( #505, #1956, #155, #185 ) ) ;
#2287 = PLANE ( 'NONE',  #1492 ) ;
#2288 = DIRECTION ( 'NONE',  ( 1.000000000000000000, 0.0000000000000000000, 0.0000000000000000000 ) ) ;
#2289 = CARTESIAN_POINT ( 'NONE',  ( -19.59999999999999432, 22.84661709438346477, 0.0000000000000000000 ) ) ;
#2290 = EDGE_CURVE ( 'NONE', #2244, #1577, #1866, .T. ) ;
#2291 = EDGE_LOOP ( 'NONE', ( #1183, #2933, #3030, #2062 ) ) ;
#2292 = CARTESIAN_POINT ( 'NONE',  ( 2.318596016894396428, 2.027429198418875700, 0.0000000000000000000 ) ) ;
#2293 = ORIENTED_EDGE ( 'NONE', *, *, #1088, .F. ) ;
#2294 = DIRECTION ( 'NONE',  ( 0.0000000000000000000, 0.0000000000000000000, 1.000000000000000000 ) ) ;
#2295 = AXIS2_PLACEMENT_3D ( 'NONE', #1294, #1514, #1998 ) ;
#2296 = ORIENTED_EDGE ( 'NONE', *, *, #684, .F. ) ;
#2297 = VECTOR ( 'NONE', #3038, 1000.000000000000000 ) ;
#2298 = DIRECTION ( 'NONE',  ( 0.0000000000000000000, 0.0000000000000000000, 1.000000000000000000 ) ) ;
#2299 = CARTESIAN_POINT ( 'NONE',  ( 1.350000000000000089, -1.199999999999999956, 5.000000000000000000 ) ) ;
#2300 = VECTOR ( 'NONE', #806, 999.9999999999998863 ) ;
#2301 = CALENDAR_DATE ( 2019, 23, 5 ) ;
#2302 = VERTEX_POINT ( 'NONE', #1335 ) ;
#2303 = VERTEX_POINT ( 'NONE', #2289 ) ;
#2304 = VECTOR ( 'NONE', #2653, 1000.000000000000000 ) ;
#2305 = DIRECTION ( 'NONE',  ( 0.0000000000000000000, 1.000000000000000000, -0.0000000000000000000 ) ) ;
#2306 = EDGE_LOOP ( 'NONE', ( #218, #2873, #2642, #1210 ) ) ;
#2307 = EDGE_LOOP ( 'NONE', ( #412, #112, #664, #364 ) ) ;
#2308 = DIRECTION ( 'NONE',  ( 0.0000000000000000000, 0.0000000000000000000, 1.000000000000000000 ) ) ;
#2309 = CARTESIAN_POINT ( 'NONE',  ( 0.0000000000000000000, -14.38233764908628309, 5.000000000000000000 ) ) ;
#2310 = CARTESIAN_POINT ( 'NONE',  ( -22.35221977631104906, -1.805266300226465503, 0.0000000000000000000 ) ) ;
#2311 = VECTOR ( 'NONE', #1475, 1000.000000000000227 ) ;
#2312 = ORIENTED_EDGE ( 'NONE', *, *, #2896, .T. ) ;
#2313 = EDGE_CURVE ( 'NONE', #565, #3042, #1208, .T. ) ;
#2314 = VECTOR ( 'NONE', #1806, 999.9999999999998863 ) ;
#2315 = CARTESIAN_POINT ( 'NONE',  ( 21.23428571428571132, 12.44661709438345909, 5.000000000000000000 ) ) ;
#2316 = ADVANCED_FACE ( 'NONE', ( #2377 ), #2520, .T. ) ;
#2317 = LINE ( 'NONE', #783, #3016 ) ;
#2318 = VERTEX_POINT ( 'NONE', #1094 ) ;
#2319 = CARTESIAN_POINT ( 'NONE',  ( 19.66285714285713837, 22.44661709438346264, 0.0000000000000000000 ) ) ;
#2320 = ORIENTED_EDGE ( 'NONE', *, *, #940, .F. ) ;
#2321 = EDGE_CURVE ( 'NONE', #2985, #2323, #1501, .T. ) ;
#2322 = CARTESIAN_POINT ( 'NONE',  ( 13.00000000000000533, 64.84661709438364596, 5.000000000000000000 ) ) ;
#2323 = VERTEX_POINT ( 'NONE', #857 ) ;
#2324 = CARTESIAN_POINT ( 'NONE',  ( -14.94857142857142485, 52.44661709438346975, 5.000000000000000000 ) ) ;
#2325 = ORIENTED_EDGE ( 'NONE', *, *, #284, .T. ) ;
#2326 = ORIENTED_EDGE ( 'NONE', *, *, #940, .T. ) ;
#2327 = EDGE_CURVE ( 'NONE', #2871, #3002, #874, .T. ) ;
#2328 = PLANE ( 'NONE',  #2028 ) ;
#2329 = ORIENTED_EDGE ( 'NONE', *, *, #2081, .T. ) ;
#2330 = FACE_BOUND ( 'NONE', #108, .T. ) ;
#2331 = ADVANCED_FACE ( 'NONE', ( #248 ), #2540, .T. ) ;
#2332 = PRODUCT_DEFINITION ( 'UNKNOWN', '', #2124, #944 ) ;
#2333 = CYLINDRICAL_SURFACE ( 'NONE', #3006, 0.7500000000000006661 ) ;
#2334 = AXIS2_PLACEMENT_3D ( 'NONE', #1285, #2673, #1035 ) ;
#2335 = DIRECTION ( 'NONE',  ( 0.0000000000000000000, 0.0000000000000000000, 1.000000000000000000 ) ) ;
#2336 = FACE_OUTER_BOUND ( 'NONE', #1041, .T. ) ;
#2337 = VECTOR ( 'NONE', #400, 1000.000000000000000 ) ;
#2338 = FACE_BOUND ( 'NONE', #1108, .T. ) ;
#2339 = ORIENTED_EDGE ( 'NONE', *, *, #1432, .F. ) ;
#2340 = EDGE_CURVE ( 'NONE', #1972, #3042, #137, .T. ) ;
#2341 = DIRECTION ( 'NONE',  ( -0.1552378339921333950, -0.9878771254044861339, -0.0000000000000000000 ) ) ;
#2342 = LINE ( 'NONE', #350, #950 ) ;
#2343 = ORIENTED_EDGE ( 'NONE', *, *, #2969, .T. ) ;
#2344 = PERSON_AND_ORGANIZATION_ROLE ( 'classification_officer' ) ;
#2345 = ADVANCED_FACE ( 'NONE', ( #1640 ), #3019, .T. ) ;
#2346 = CARTESIAN_POINT ( 'NONE',  ( 23.19018268626030732, -2.427226307507445737E-18, 5.000000000000000000 ) ) ;
#2347 = CARTESIAN_POINT ( 'NONE',  ( -23.19018268626025048, -2.495874921891080997E-15, 0.0000000000000000000 ) ) ;
#2348 = VECTOR ( 'NONE', #2232, 1000.000000000000227 ) ;
#2349 = CARTESIAN_POINT ( 'NONE',  ( -0.6000000000000000888, -1.199999999999999956, 0.0000000000000000000 ) ) ;
#2350 = CARTESIAN_POINT ( 'NONE',  ( -9.757630380802542192, -47.97130431824796659, 0.0000000000000000000 ) ) ;
#2351 = EDGE_LOOP ( 'NONE', ( #1345, #21, #544, #1505 ) ) ;
#2352 = LINE ( 'NONE', #524, #1801 ) ;
#2353 = EDGE_CURVE ( 'NONE', #479, #2610, #1467, .T. ) ;
#2354 = AXIS2_PLACEMENT_3D ( 'NONE', #119, #2943, #372 ) ;
#2355 = VECTOR ( 'NONE', #1889, 1000.000000000000000 ) ;
#2356 = APPROVAL_ROLE ( '' ) ;
#2357 = EDGE_LOOP ( 'NONE', ( #1260, #490 ) ) ;
#2358 = CARTESIAN_POINT ( 'NONE',  ( -13.00000000000000178, 64.84661709438347543, 0.0000000000000000000 ) ) ;
#2359 = CARTESIAN_POINT ( 'NONE',  ( -3.599999999999999201, -1.199999999999999956, 5.000000000000000000 ) ) ;
#2360 = VERTEX_POINT ( 'NONE', #2772 ) ;
#2361 = EDGE_CURVE ( 'NONE', #1674, #2466, #539, .T. ) ;
#2362 = CARTESIAN_POINT ( 'NONE',  ( -9.542857142857140929, 42.84661709438346122, 0.0000000000000000000 ) ) ;
#2363 = ORIENTED_EDGE ( 'NONE', *, *, #1918, .F. ) ;
#2364 = CARTESIAN_POINT ( 'NONE',  ( 13.00000000000000533, 64.84661709438364596, 5.000000000000000000 ) ) ;
#2365 = ORIENTED_EDGE ( 'NONE', *, *, #2574, .T. ) ;
#2366 = CARTESIAN_POINT ( 'NONE',  ( 13.00000000000000533, 64.84661709438364596, 0.0000000000000000000 ) ) ;
#2367 = EDGE_LOOP ( 'NONE', ( #80, #406, #1881, #1415 ) ) ;
#2368 = DIRECTION ( 'NONE',  ( -0.0000000000000000000, 0.0000000000000000000, 1.000000000000000000 ) ) ;
#2369 = LINE ( 'NONE', #662, #2259 ) ;
#2370 = EDGE_CURVE ( 'NONE', #622, #1779, #2963, .T. ) ;
#2371 = DIRECTION ( 'NONE',  ( 0.0000000000000000000, 0.0000000000000000000, 1.000000000000000000 ) ) ;
#2372 = CARTESIAN_POINT ( 'NONE',  ( -13.49393856270224745, 66.85675460098572387, 5.000000000000000000 ) ) ;
#2373 = AXIS2_PLACEMENT_3D ( 'NONE', #3035, #2777, #656 ) ;
#2374 = FACE_BOUND ( 'NONE', #1947, .T. ) ;
#2375 = AXIS2_PLACEMENT_3D ( 'NONE', #1839, #440, #2778 ) ;
#2376 = CARTESIAN_POINT ( 'NONE',  ( 11.11428571428571566, 52.84661709438346833, 5.000000000000000000 ) ) ;
#2377 = FACE_OUTER_BOUND ( 'NONE', #2160, .T. ) ;
#2378 = LINE ( 'NONE', #2249, #22 ) ;
#2379 = CARTESIAN_POINT ( 'NONE',  ( -14.94857142857142485, 52.44661709438346975, 0.0000000000000000000 ) ) ;
#2380 = ORIENTED_EDGE ( 'NONE', *, *, #298, .T. ) ;
#2381 = ORIENTED_EDGE ( 'NONE', *, *, #1253, .F. ) ;
#2382 = CARTESIAN_POINT ( 'NONE',  ( -2.318596016894392875, 2.027429198418878808, 0.0000000000000000000 ) ) ;
#2383 = FACE_OUTER_BOUND ( 'NONE', #1491, .T. ) ;
#2384 = VERTEX_POINT ( 'NONE', #3010 ) ;
#2385 = VERTEX_POINT ( 'NONE', #2781 ) ;
#2386 = CARTESIAN_POINT ( 'NONE',  ( 9.542857142857140929, 42.84661709438346122, 0.0000000000000000000 ) ) ;
#2387 = FACE_OUTER_BOUND ( 'NONE', #938, .T. ) ;
#2388 = EDGE_LOOP ( 'NONE', ( #851, #1368, #2395 ) ) ;
#2389 = LINE ( 'NONE', #2599, #2175 ) ;
#2390 = DIRECTION ( 'NONE',  ( 0.1552378339921337003, -0.9878771254044860228, 0.0000000000000000000 ) ) ;
#2391 = CARTESIAN_POINT ( 'NONE',  ( -13.00000000000000178, 64.84661709438347543, 5.000000000000000000 ) ) ;
#2392 = FACE_OUTER_BOUND ( 'NONE', #1642, .T. ) ;
#2393 = CARTESIAN_POINT ( 'NONE',  ( 22.65932847383360382, -1.199999999999999956, 0.0000000000000000000 ) ) ;
#2394 = ADVANCED_FACE ( 'NONE', ( #2814 ), #932, .F. ) ;
#2395 = ORIENTED_EDGE ( 'NONE', *, *, #2591, .F. ) ;
#2396 = AXIS2_PLACEMENT_3D ( 'NONE', #2253, #592, #2913 ) ;
#2397 = CARTESIAN_POINT ( 'NONE',  ( 21.25389369774949344, -3.352418466353504822, 5.000000000000000000 ) ) ;
#2398 = VERTEX_POINT ( 'NONE', #1126 ) ;
#2399 = CARTESIAN_POINT ( 'NONE',  ( -10.20000000000000107, -14.38233764908628132, 0.0000000000000000000 ) ) ;
#2400 = CARTESIAN_POINT ( 'NONE',  ( -9.611509172931219425, -41.58548811414296154, 0.0000000000000000000 ) ) ;
#2401 = EDGE_LOOP ( 'NONE', ( #1490, #2928, #1098, #2648 ) ) ;
#2402 = CARTESIAN_POINT ( 'NONE',  ( 13.00000000000000533, 70.00000000000000000, 5.000000000000000000 ) ) ;
#2403 = EDGE_CURVE ( 'NONE', #2854, #198, #3040, .T. ) ;
#2404 = EDGE_LOOP ( 'NONE', ( #1854, #2268, #1380, #1847 ) ) ;
#2405 = PERSON ( 'UNSPECIFIED', 'UNSPECIFIED', 'UNSPECIFIED', ('UNSPECIFIED'), ('UNSPECIFIED'), ('UNSPECIFIED') ) ;
#2406 = CARTESIAN_POINT ( 'NONE',  ( -8.768485069976517110E-14, 0.0005701177731650027003, 5.000000000000000000 ) ) ;
#2407 = VERTEX_POINT ( 'NONE', #2776 ) ;
#2408 = LINE ( 'NONE', #2918, #54 ) ;
#2409 = LINE ( 'NONE', #997, #311 ) ;
#2410 = CARTESIAN_POINT ( 'NONE',  ( -13.00000000000000178, 64.84661709438347543, 5.000000000000000000 ) ) ;
#2411 = PLANE ( 'NONE',  #381 ) ;
#2412 = EDGE_CURVE ( 'NONE', #515, #2914, #618, .T. ) ;
#2413 = PLANE ( 'NONE',  #858 ) ;
#2414 = CYLINDRICAL_SURFACE ( 'NONE', #1181, 10.19999999999999751 ) ;
#2415 = ORIENTED_EDGE ( 'NONE', *, *, #1852, .F. ) ;
#2416 = CARTESIAN_POINT ( 'NONE',  ( -19.59999999999999432, 22.84661709438346477, 0.0000000000000000000 ) ) ;
#2417 = VECTOR ( 'NONE', #95, 1000.000000000000000 ) ;
#2418 = ORIENTED_EDGE ( 'NONE', *, *, #2248, .T. ) ;
#2419 = LINE ( 'NONE', #2428, #2819 ) ;
#2420 = CARTESIAN_POINT ( 'NONE',  ( 24.12378498622083356, -4.226331501132321478, 0.0000000000000000000 ) ) ;
#2421 = EDGE_CURVE ( 'NONE', #1039, #2554, #2206, .T. ) ;
#2422 = ORIENTED_EDGE ( 'NONE', *, *, #560, .T. ) ;
#2423 = DIRECTION ( 'NONE',  ( 0.0000000000000000000, 0.0000000000000000000, 1.000000000000000000 ) ) ;
#2424 = DIRECTION ( 'NONE',  ( 1.000000000000000000, 0.0000000000000000000, 0.0000000000000000000 ) ) ;
#2425 = DIRECTION ( 'NONE',  ( 1.000000000000000000, 0.0000000000000000000, 0.0000000000000000000 ) ) ;
#2426 = DIRECTION ( 'NONE',  ( 1.000000000000000000, 0.0000000000000000000, 0.0000000000000000000 ) ) ;
#2427 = FACE_OUTER_BOUND ( 'NONE', #2646, .T. ) ;
#2428 = CARTESIAN_POINT ( 'NONE',  ( 13.00000000000000533, 64.84661709438364596, 5.000000000000000000 ) ) ;
#2429 = ORIENTED_EDGE ( 'NONE', *, *, #1423, .F. ) ;
#2430 = LINE ( 'NONE', #1023, #2142 ) ;
#2431 = ADVANCED_FACE ( 'NONE', ( #2266 ), #901, .T. ) ;
#2432 = FACE_OUTER_BOUND ( 'NONE', #2701, .T. ) ;
#2433 = EDGE_CURVE ( 'NONE', #2568, #471, #1427, .T. ) ;
#2434 = DIRECTION ( 'NONE',  ( 1.000000000000000000, -5.204170427930422861E-15, 0.0000000000000000000 ) ) ;
#2435 = DIRECTION ( 'NONE',  ( 0.0000000000000000000, 0.0000000000000000000, 1.000000000000000000 ) ) ;
#2436 = DIRECTION ( 'NONE',  ( -0.9878771254044861339, -0.1552378339921336448, 0.0000000000000000000 ) ) ;
#2437 = ORIENTED_EDGE ( 'NONE', *, *, #1569, .T. ) ;
#2438 = CARTESIAN_POINT ( 'NONE',  ( 24.12378498622083356, -4.226331501132321478, 0.0000000000000000000 ) ) ;
#2439 = AXIS2_PLACEMENT_3D ( 'NONE', #1211, #1194, #2812 ) ;
#2440 = DIRECTION ( 'NONE',  ( 1.000000000000000000, 0.0000000000000000000, 0.0000000000000000000 ) ) ;
#2441 = ORIENTED_EDGE ( 'NONE', *, *, #2811, .T. ) ;
#2442 = CARTESIAN_POINT ( 'NONE',  ( -19.66285714285713837, 22.44661709438346264, 0.0000000000000000000 ) ) ;
#2443 = ORIENTED_EDGE ( 'NONE', *, *, #442, .F. ) ;
#2444 = ADVANCED_BREP_SHAPE_REPRESENTATION ( 'Fingergripper', ( #713, #2186 ), #2694 ) ;
#2445 = ORIENTED_EDGE ( 'NONE', *, *, #2448, .F. ) ;
#2446 = CARTESIAN_POINT ( 'NONE',  ( 9.542857142857140929, 42.84661709438346122, 5.000000000000000000 ) ) ;
#2447 = CARTESIAN_POINT ( 'NONE',  ( -9.479999999999996874, 42.44661709438346264, 0.0000000000000000000 ) ) ;
#2448 = EDGE_CURVE ( 'NONE', #1439, #1234, #807, .T. ) ;
#2449 = CARTESIAN_POINT ( 'NONE',  ( -21.90932847383360382, -1.199999999999999956, 0.0000000000000000000 ) ) ;
#2450 = ORIENTED_EDGE ( 'NONE', *, *, #3021, .F. ) ;
#2451 = FACE_OUTER_BOUND ( 'NONE', #2891, .T. ) ;
#2452 = DIRECTION ( 'NONE',  ( 1.000000000000000000, 0.0000000000000000000, 0.0000000000000000000 ) ) ;
#2453 = APPROVAL_PERSON_ORGANIZATION ( #650, #2842, #2356 ) ;
#2454 = ORIENTED_EDGE ( 'NONE', *, *, #1819, .T. ) ;
#2455 = CARTESIAN_POINT ( 'NONE',  ( 5.510910596163089556E-15, -45.00000000000000000, 0.0000000000000000000 ) ) ;
#2456 = FACE_OUTER_BOUND ( 'NONE', #2687, .T. ) ;
#2457 = PERSON_AND_ORGANIZATION ( #2405, #25 ) ;
#2458 = DIRECTION ( 'NONE',  ( -0.1552378339921333950, -0.9878771254044861339, -0.0000000000000000000 ) ) ;
#2459 = ORIENTED_EDGE ( 'NONE', *, *, #2261, .T. ) ;
#2460 = AXIS2_PLACEMENT_3D ( 'NONE', #2503, #630, #2966 ) ;
#2461 = LINE ( 'NONE', #803, #2304 ) ;
#2462 = CARTESIAN_POINT ( 'NONE',  ( 0.0000000000000000000, -14.38233764908628309, 5.000000000000000000 ) ) ;
#2463 = VERTEX_POINT ( 'NONE', #2533 ) ;
#2464 = VERTEX_POINT ( 'NONE', #1379 ) ;
#2465 = VECTOR ( 'NONE', #1005, 1000.000000000000000 ) ;
#2466 = VERTEX_POINT ( 'NONE', #1157 ) ;
#2467 = VECTOR ( 'NONE', #2809, 1000.000000000000000 ) ;
#2468 = CARTESIAN_POINT ( 'NONE',  ( 9.542857142857140929, 42.84661709438346122, 5.000000000000000000 ) ) ;
#2469 = VECTOR ( 'NONE', #2156, 1000.000000000000114 ) ;
#2470 = DIRECTION ( 'NONE',  ( -0.1552378339921337003, 0.9878771254044860228, 0.0000000000000000000 ) ) ;
#2471 = DIRECTION ( 'NONE',  ( 1.000000000000000000, 0.0000000000000000000, 0.0000000000000000000 ) ) ;
#2472 = ORIENTED_EDGE ( 'NONE', *, *, #2715, .T. ) ;
#2473 = EDGE_CURVE ( 'NONE', #537, #2610, #1017, .T. ) ;
#2474 = VERTEX_POINT ( 'NONE', #696 ) ;
#2475 = CARTESIAN_POINT ( 'NONE',  ( 23.19018268626030732, -2.427226307507445737E-18, 5.000000000000000000 ) ) ;
#2476 = ADVANCED_FACE ( 'NONE', ( #171 ), #2766, .F. ) ;
#2477 = CARTESIAN_POINT ( 'NONE',  ( -21.25389369774948989, -3.352418466353507931, 5.000000000000000000 ) ) ;
#2478 = ORIENTED_EDGE ( 'NONE', *, *, #2937, .T. ) ;
#2479 = DIRECTION ( 'NONE',  ( 0.0000000000000000000, -0.0000000000000000000, -1.000000000000000000 ) ) ;
#2480 = CARTESIAN_POINT ( 'NONE',  ( 6.337142857142819885, 22.44661709438346975, 0.0000000000000000000 ) ) ;
#2481 = ORIENTED_EDGE ( 'NONE', *, *, #1616, .F. ) ;
#2482 = CARTESIAN_POINT ( 'NONE',  ( 23.19018268626030732, -2.427226307507445737E-18, 5.000000000000000000 ) ) ;
#2483 = EDGE_CURVE ( 'NONE', #2037, #1347, #2603, .T. ) ;
#2484 = ORIENTED_EDGE ( 'NONE', *, *, #2054, .T. ) ;
#2485 = VECTOR ( 'NONE', #586, 1000.000000000000000 ) ;
#2486 = CARTESIAN_POINT ( 'NONE',  ( 13.00000000000000888, 64.84661709438366017, 5.000000000000000000 ) ) ;
#2487 = VECTOR ( 'NONE', #2157, 1000.000000000000000 ) ;
#2488 = DIRECTION ( 'NONE',  ( -0.0000000000000000000, -0.0000000000000000000, 1.000000000000000000 ) ) ;
#2489 = CARTESIAN_POINT ( 'NONE',  ( -13.00000000000000178, 64.84661709438347543, 0.0000000000000000000 ) ) ;
#2490 = DIRECTION ( 'NONE',  ( 0.0000000000000000000, -0.0000000000000000000, -1.000000000000000000 ) ) ;
#2491 = DIRECTION ( 'NONE',  ( -0.0000000000000000000, -0.0000000000000000000, 1.000000000000000000 ) ) ;
#2492 = ADVANCED_FACE ( 'NONE', ( #729 ), #1370, .F. ) ;
#2493 = VECTOR ( 'NONE', #2194, 1000.000000000000000 ) ;
#2494 = DATE_AND_TIME ( #2740, #768 ) ;
#2495 = AXIS2_PLACEMENT_3D ( 'NONE', #1190, #2838, #2132 ) ;
#2496 = CIRCLE ( 'NONE', #91, 2.400000000000000355 ) ;
#2497 = ORIENTED_EDGE ( 'NONE', *, *, #1529, .F. ) ;
#2498 = CC_DESIGN_PERSON_AND_ORGANIZATION_ASSIGNMENT ( #2882, #2107, ( #2332 ) ) ;
#2499 = DIRECTION ( 'NONE',  ( 0.0000000000000000000, -0.0000000000000000000, -1.000000000000000000 ) ) ;
#2500 = DIRECTION ( 'NONE',  ( 0.0000000000000000000, 0.0000000000000000000, 1.000000000000000000 ) ) ;
#2501 = ORIENTED_EDGE ( 'NONE', *, *, #1589, .T. ) ;
#2502 = PLANE ( 'NONE',  #2768 ) ;
#2503 = CARTESIAN_POINT ( 'NONE',  ( 0.0000000000000000000, -14.38233764908628309, 0.0000000000000000000 ) ) ;
#2504 = FACE_OUTER_BOUND ( 'NONE', #2401, .T. ) ;
#2505 = ORIENTED_EDGE ( 'NONE', *, *, #1939, .F. ) ;
#2506 = CYLINDRICAL_SURFACE ( 'NONE', #1176, 0.5000000000000004441 ) ;
#2507 = EDGE_CURVE ( 'NONE', #1577, #1378, #1574, .T. ) ;
#2508 = LINE ( 'NONE', #959, #2758 ) ;
#2509 = DIRECTION ( 'NONE',  ( 1.000000000000000000, 0.0000000000000000000, 0.0000000000000000000 ) ) ;
#2510 = ORIENTED_EDGE ( 'NONE', *, *, #491, .F. ) ;
#2511 = DIRECTION ( 'NONE',  ( 1.000000000000000000, 1.003559035689062169E-15, 0.0000000000000000000 ) ) ;
#2512 = EDGE_CURVE ( 'NONE', #1993, #479, #1828, .T. ) ;
#2513 = CARTESIAN_POINT ( 'NONE',  ( -13.00000000000000533, 70.00000000000000000, 5.000000000000000000 ) ) ;
#2514 = ORIENTED_EDGE ( 'NONE', *, *, #2574, .F. ) ;
#2515 = ORIENTED_EDGE ( 'NONE', *, *, #2181, .T. ) ;
#2516 = AXIS2_PLACEMENT_3D ( 'NONE', #1808, #1586, #1786 ) ;
#2517 = DIRECTION ( 'NONE',  ( 1.000000000000000000, 0.0000000000000000000, 0.0000000000000000000 ) ) ;
#2518 = VERTEX_POINT ( 'NONE', #2324 ) ;
#2519 = CIRCLE ( 'NONE', #1766, 2.999999999999999112 ) ;
#2520 = PLANE ( 'NONE',  #608 ) ;
#2521 = ORIENTED_EDGE ( 'NONE', *, *, #1107, .F. ) ;
#2522 = LINE ( 'NONE', #2996, #1009 ) ;
#2523 = EDGE_CURVE ( 'NONE', #2836, #622, #983, .T. ) ;
#2524 = CYLINDRICAL_SURFACE ( 'NONE', #227, 9.000000000000000000 ) ;
#2525 = CARTESIAN_POINT ( 'NONE',  ( -23.19018268626025048, -2.495874921891080997E-15, 5.000000000000000000 ) ) ;
#2526 = FACE_OUTER_BOUND ( 'NONE', #2608, .T. ) ;
#2527 = ORIENTED_EDGE ( 'NONE', *, *, #1163, .T. ) ;
#2528 = ORIENTED_EDGE ( 'NONE', *, *, #1464, .T. ) ;
#2529 = ORIENTED_EDGE ( 'NONE', *, *, #56, .T. ) ;
#2530 = EDGE_CURVE ( 'NONE', #1450, #1324, #1321, .T. ) ;
#2531 = LINE ( 'NONE', #2733, #503 ) ;
#2532 = ORIENTED_EDGE ( 'NONE', *, *, #2690, .T. ) ;
#2533 = CARTESIAN_POINT ( 'NONE',  ( -21.45932847383360098, -0.5999999999999993117, 5.000000000000000000 ) ) ;
#2534 = VERTEX_POINT ( 'NONE', #2138 ) ;
#2535 = LINE ( 'NONE', #1462, #773 ) ;
#2536 =( LENGTH_UNIT ( ) NAMED_UNIT ( * ) SI_UNIT ( .MILLI., .METRE. ) );
#2537 = AXIS2_PLACEMENT_3D ( 'NONE', #294, #2154, #742 ) ;
#2538 = ORIENTED_EDGE ( 'NONE', *, *, #375, .F. ) ;
#2539 = VECTOR ( 'NONE', #160, 1000.000000000000000 ) ;
#2540 = PLANE ( 'NONE',  #1073 ) ;
#2541 = CARTESIAN_POINT ( 'NONE',  ( 18.09142857142856897, 32.44661709438346264, 0.0000000000000000000 ) ) ;
#2542 = VECTOR ( 'NONE', #538, 1000.000000000000114 ) ;
#2543 = CARTESIAN_POINT ( 'NONE',  ( 21.90932847383360382, -1.199999999999999956, 0.0000000000000000000 ) ) ;
#2544 = ORIENTED_EDGE ( 'NONE', *, *, #918, .T. ) ;
#2545 = CARTESIAN_POINT ( 'NONE',  ( 0.05230908407637298307, 2.399999999999999467, 5.000000000000000000 ) ) ;
#2546 = ORIENTED_EDGE ( 'NONE', *, *, #366, .F. ) ;
#2547 = PLANE ( 'NONE',  #170 ) ;
#2548 = DIRECTION ( 'NONE',  ( 1.000000000000000000, 0.0000000000000000000, 0.0000000000000000000 ) ) ;
#2549 = DIRECTION ( 'NONE',  ( 1.000000000000000000, 0.0000000000000000000, 0.0000000000000000000 ) ) ;
#2550 = EDGE_CURVE ( 'NONE', #2075, #1375, #837, .T. ) ;
#2551 = AXIS2_PLACEMENT_3D ( 'NONE', #1220, #518, #2847 ) ;
#2552 = EDGE_LOOP ( 'NONE', ( #1151, #2771, #1868, #2521 ) ) ;
#2553 = CARTESIAN_POINT ( 'NONE',  ( 6.399999999999996803, 22.84661709438346477, 0.0000000000000000000 ) ) ;
#2554 = VERTEX_POINT ( 'NONE', #652 ) ;
#2555 = DIRECTION ( 'NONE',  ( 0.0000000000000000000, 1.000000000000000000, -0.0000000000000000000 ) ) ;
#2556 = ORIENTED_EDGE ( 'NONE', *, *, #2660, .T. ) ;
#2557 = CARTESIAN_POINT ( 'NONE',  ( 0.0000000000000000000, 0.0000000000000000000, 0.0000000000000000000 ) ) ;
#2558 = VECTOR ( 'NONE', #2006, 1000.000000000000000 ) ;
#2559 = VERTEX_POINT ( 'NONE', #1437 ) ;
#2560 = CARTESIAN_POINT ( 'NONE',  ( 23.19018268626030732, -2.427226307507445737E-18, 0.0000000000000000000 ) ) ;
#2561 = LINE ( 'NONE', #1434, #687 ) ;
#2562 = EDGE_LOOP ( 'NONE', ( #3008, #1100, #2033, #2441 ) ) ;
#2563 = EDGE_CURVE ( 'NONE', #639, #695, #2706, .T. ) ;
#2564 = VECTOR ( 'NONE', #718, 1000.000000000000000 ) ;
#2565 = APPROVAL_DATE_TIME ( #1127, #2842 ) ;
#2566 = DIRECTION ( 'NONE',  ( 0.0000000000000000000, 0.0000000000000000000, 1.000000000000000000 ) ) ;
#2567 = VECTOR ( 'NONE', #194, 1000.000000000000000 ) ;
#2568 = VERTEX_POINT ( 'NONE', #1883 ) ;
#2569 = CARTESIAN_POINT ( 'NONE',  ( 0.6000000000000000888, -1.682731355976250232, 5.000000000000000000 ) ) ;
#2570 = ORIENTED_EDGE ( 'NONE', *, *, #3039, .F. ) ;
#2571 = VERTEX_POINT ( 'NONE', #1202 ) ;
#2572 = CARTESIAN_POINT ( 'NONE',  ( -23.99999999999999289, 0.0000000000000000000, 5.000000000000000000 ) ) ;
#2573 = VECTOR ( 'NONE', #1258, 1000.000000000000000 ) ;
#2574 = EDGE_CURVE ( 'NONE', #1743, #1917, #871, .T. ) ;
#2575 = CARTESIAN_POINT ( 'NONE',  ( 22.65932847383360382, -1.199999999999999956, 0.0000000000000000000 ) ) ;
#2576 = LINE ( 'NONE', #2099, #1300 ) ;
#2577 = ORIENTED_EDGE ( 'NONE', *, *, #834, .T. ) ;
#2578 = ORIENTED_EDGE ( 'NONE', *, *, #2197, .F. ) ;
#2579 = VECTOR ( 'NONE', #550, 1000.000000000000000 ) ;
#2580 = DIRECTION ( 'NONE',  ( 0.0000000000000000000, 0.0000000000000000000, 1.000000000000000000 ) ) ;
#2581 = CARTESIAN_POINT ( 'NONE',  ( -0.6000000000000000888, -1.199999999999999956, 5.000000000000000000 ) ) ;
#2582 = LINE ( 'NONE', #993, #2542 ) ;
#2583 = EDGE_CURVE ( 'NONE', #471, #636, #2166, .T. ) ;
#2584 = DIRECTION ( 'NONE',  ( 0.0000000000000000000, -1.000000000000000000, 0.0000000000000000000 ) ) ;
#2585 = ADVANCED_FACE ( 'NONE', ( #317 ), #727, .F. ) ;
#2586 = ORIENTED_EDGE ( 'NONE', *, *, #1569, .F. ) ;
#2587 = CARTESIAN_POINT ( 'NONE',  ( -23.19018268626025048, -2.495874921891080997E-15, 5.000000000000000000 ) ) ;
#2588 = ORIENTED_EDGE ( 'NONE', *, *, #1845, .T. ) ;
#2589 = ORIENTED_EDGE ( 'NONE', *, *, #2327, .T. ) ;
#2590 = DIRECTION ( 'NONE',  ( 0.0000000000000000000, 0.0000000000000000000, 1.000000000000000000 ) ) ;
#2591 = EDGE_CURVE ( 'NONE', #2859, #565, #2813, .T. ) ;
#2592 = DIRECTION ( 'NONE',  ( 0.0000000000000000000, 0.0000000000000000000, 1.000000000000000000 ) ) ;
#2593 = EDGE_LOOP ( 'NONE', ( #123, #2789 ) ) ;
#2594 = AXIS2_PLACEMENT_3D ( 'NONE', #1996, #562, #89 ) ;
#2595 = ORIENTED_EDGE ( 'NONE', *, *, #919, .T. ) ;
#2596 = LINE ( 'NONE', #1391, #943 ) ;
#2597 = AXIS2_PLACEMENT_3D ( 'NONE', #316, #790, #2426 ) ;
#2598 = ADVANCED_FACE ( 'NONE', ( #2052 ), #1180, .F. ) ;
#2599 = CARTESIAN_POINT ( 'NONE',  ( -13.00000000000000178, 64.84661709438347543, 0.0000000000000000000 ) ) ;
#2600 = DIRECTION ( 'NONE',  ( 0.0000000000000000000, 0.0000000000000000000, 1.000000000000000000 ) ) ;
#2601 = DIRECTION ( 'NONE',  ( 1.000000000000000000, 1.780507966545111273E-15, 0.0000000000000000000 ) ) ;
#2602 = FACE_OUTER_BOUND ( 'NONE', #2654, .T. ) ;
#2603 = LINE ( 'NONE', #1625, #101 ) ;
#2604 = VERTEX_POINT ( 'NONE', #465 ) ;
#2605 = EDGE_CURVE ( 'NONE', #332, #86, #1536, .T. ) ;
#2606 = DIRECTION ( 'NONE',  ( 0.0000000000000000000, -1.000000000000000000, 0.0000000000000000000 ) ) ;
#2607 = FACE_OUTER_BOUND ( 'NONE', #354, .T. ) ;
#2608 = EDGE_LOOP ( 'NONE', ( #501, #2326, #2343, #2787 ) ) ;
#2609 = SECURITY_CLASSIFICATION_LEVEL ( 'unclassified' ) ;
#2610 = VERTEX_POINT ( 'NONE', #1449 ) ;
#2611 = EDGE_CURVE ( 'NONE', #2898, #2360, #690, .T. ) ;
#2612 = CIRCLE ( 'NONE', #2597, 2.999999999999999112 ) ;
#2613 = VERTEX_POINT ( 'NONE', #252 ) ;
#2614 = ORIENTED_EDGE ( 'NONE', *, *, #1002, .T. ) ;
#2615 = ADVANCED_FACE ( 'NONE', ( #2739 ), #1655, .T. ) ;
#2616 = LINE ( 'NONE', #1709, #1876 ) ;
#2617 = DIRECTION ( 'NONE',  ( 1.003559035689062169E-15, -1.000000000000000000, 0.0000000000000000000 ) ) ;
#2618 = VECTOR ( 'NONE', #2601, 1000.000000000000000 ) ;
#2619 = ORIENTED_EDGE ( 'NONE', *, *, #746, .F. ) ;
#2620 = CARTESIAN_POINT ( 'NONE',  ( -6.337142857142852748, 22.44661709438346264, 0.0000000000000000000 ) ) ;
#2621 = ORIENTED_EDGE ( 'NONE', *, *, #2370, .T. ) ;
#2622 = CARTESIAN_POINT ( 'NONE',  ( 13.00000000000000533, 64.84661709438364596, 5.000000000000000000 ) ) ;
#2623 = ORIENTED_EDGE ( 'NONE', *, *, #2473, .T. ) ;
#2624 = CARTESIAN_POINT ( 'NONE',  ( 6.399999999999996803, 22.84661709438346477, 0.0000000000000000000 ) ) ;
#2625 = ORIENTED_EDGE ( 'NONE', *, *, #1078, .F. ) ;
#2626 = CARTESIAN_POINT ( 'NONE',  ( 0.0000000000000000000, -14.38233764908628309, 0.0000000000000000000 ) ) ;
#2627 = ORIENTED_EDGE ( 'NONE', *, *, #1872, .F. ) ;
#2628 = VECTOR ( 'NONE', #1082, 1000.000000000000000 ) ;
#2629 = EDGE_CURVE ( 'NONE', #2398, #2784, #1638, .T. ) ;
#2630 = DIRECTION ( 'NONE',  ( 1.780507966545111273E-15, -1.000000000000000000, 0.0000000000000000000 ) ) ;
#2631 = LINE ( 'NONE', #2698, #136 ) ;
#2632 = EDGE_CURVE ( 'NONE', #2604, #1722, #2881, .T. ) ;
#2633 = DIRECTION ( 'NONE',  ( -0.1552378339921338390, -0.9878771254044861339, 0.0000000000000000000 ) ) ;
#2634 = CIRCLE ( 'NONE', #1824, 0.5000000000000004441 ) ;
#2635 = DIRECTION ( 'NONE',  ( -0.0000000000000000000, -0.0000000000000000000, -1.000000000000000000 ) ) ;
#2636 = DIRECTION ( 'NONE',  ( 0.0000000000000000000, 0.0000000000000000000, 1.000000000000000000 ) ) ;
#2637 = ORIENTED_EDGE ( 'NONE', *, *, #2910, .T. ) ;
#2638 = CARTESIAN_POINT ( 'NONE',  ( -19.66285714285713837, 22.44661709438346264, 5.000000000000000000 ) ) ;
#2639 = PLANE ( 'NONE',  #2672 ) ;
#2640 = LINE ( 'NONE', #2379, #109 ) ;
#2641 = LINE ( 'NONE', #379, #2348 ) ;
#2642 = ORIENTED_EDGE ( 'NONE', *, *, #795, .F. ) ;
#2643 = EDGE_CURVE ( 'NONE', #903, #2152, #1606, .T. ) ;
#2644 = CARTESIAN_POINT ( 'NONE',  ( -2.781818181818182190, -4.569005513501256388, 5.000000000000000000 ) ) ;
#2645 = DIRECTION ( 'NONE',  ( 0.0000000000000000000, 1.000000000000000000, 0.0000000000000000000 ) ) ;
#2646 = EDGE_LOOP ( 'NONE', ( #181, #2544, #2363, #2296 ) ) ;
#2647 = VECTOR ( 'NONE', #2057, 1000.000000000000000 ) ;
#2648 = ORIENTED_EDGE ( 'NONE', *, *, #366, .T. ) ;
#2649 = CARTESIAN_POINT ( 'NONE',  ( 23.06446840054602276, 0.7999999999999976019, 0.0000000000000000000 ) ) ;
#2650 = DIRECTION ( 'NONE',  ( 0.9566304294904462990, 0.2913043449262717188, -0.0000000000000000000 ) ) ;
#2651 = ORIENTED_EDGE ( 'NONE', *, *, #2507, .T. ) ;
#2652 = AXIS2_PLACEMENT_3D ( 'NONE', #2123, #224, #31 ) ;
#2653 = DIRECTION ( 'NONE',  ( 0.0000000000000000000, 0.0000000000000000000, 1.000000000000000000 ) ) ;
#2654 = EDGE_LOOP ( 'NONE', ( #261, #998, #1856, #481 ) ) ;
#2655 = CARTESIAN_POINT ( 'NONE',  ( -23.06446840054596592, 0.7999999999999974909, 0.0000000000000000000 ) ) ;
#2656 = ORIENTED_EDGE ( 'NONE', *, *, #526, .F. ) ;
#2657 = CARTESIAN_POINT ( 'NONE',  ( 21.17142857142857082, 12.84661709438346477, 5.000000000000000000 ) ) ;
#2658 = ADVANCED_FACE ( 'NONE', ( #536 ), #1894, .T. ) ;
#2659 = PLANE ( 'NONE',  #1457 ) ;
#2660 = EDGE_CURVE ( 'NONE', #1197, #928, #245, .T. ) ;
#2661 = ORIENTED_EDGE ( 'NONE', *, *, #623, .T. ) ;
#2662 = DIRECTION ( 'NONE',  ( 0.0000000000000000000, -1.000000000000000000, 0.0000000000000000000 ) ) ;
#2663 = ORIENTED_EDGE ( 'NONE', *, *, #2611, .T. ) ;
#2664 = FACE_OUTER_BOUND ( 'NONE', #2562, .T. ) ;
#2665 = EDGE_CURVE ( 'NONE', #288, #1304, #1125, .T. ) ;
#2666 = ORIENTED_EDGE ( 'NONE', *, *, #167, .F. ) ;
#2667 = VECTOR ( 'NONE', #2833, 1000.000000000000114 ) ;
#2668 = CARTESIAN_POINT ( 'NONE',  ( 14.94857142857142485, 52.44661709438346975, 0.0000000000000000000 ) ) ;
#2669 = DIRECTION ( 'NONE',  ( 0.0000000000000000000, 0.0000000000000000000, 1.000000000000000000 ) ) ;
#2670 = DIRECTION ( 'NONE',  ( 0.0000000000000000000, -1.000000000000000000, 0.0000000000000000000 ) ) ;
#2671 = CARTESIAN_POINT ( 'NONE',  ( 16.45714285714285552, 42.84661709438346833, 0.0000000000000000000 ) ) ;
#2672 = AXIS2_PLACEMENT_3D ( 'NONE', #1478, #2880, #2870 ) ;
#2673 = DIRECTION ( 'NONE',  ( 0.0000000000000000000, 0.0000000000000000000, 1.000000000000000000 ) ) ;
#2674 = FACE_BOUND ( 'NONE', #715, .T. ) ;
#2675 = VECTOR ( 'NONE', #331, 1000.000000000000000 ) ;
#2676 = LINE ( 'NONE', #2769, #1830 ) ;
#2677 = ORIENTED_EDGE ( 'NONE', *, *, #237, .F. ) ;
#2678 = LINE ( 'NONE', #1336, #1578 ) ;
#2679 = EDGE_CURVE ( 'NONE', #1232, #103, #60, .T. ) ;
#2680 = ORIENTED_EDGE ( 'NONE', *, *, #746, .T. ) ;
#2681 = ORIENTED_EDGE ( 'NONE', *, *, #443, .T. ) ;
#2682 = DIRECTION ( 'NONE',  ( 1.000000000000000000, 0.0000000000000000000, 0.0000000000000000000 ) ) ;
#2683 = CARTESIAN_POINT ( 'NONE',  ( -1.349999999999999867, -1.199999999999999956, 0.0000000000000000000 ) ) ;
#2684 = CARTESIAN_POINT ( 'NONE',  ( -13.00000000000000178, 64.84661709438347543, 5.000000000000000000 ) ) ;
#2685 = LINE ( 'NONE', #2322, #1955 ) ;
#2686 = CARTESIAN_POINT ( 'NONE',  ( 3.600000000000000977, 1.800000000000000266, 0.0000000000000000000 ) ) ;
#2687 = EDGE_LOOP ( 'NONE', ( #310, #2278, #2911, #569 ) ) ;
#2688 = LINE ( 'NONE', #2145, #1372 ) ;
#2689 = ORIENTED_EDGE ( 'NONE', *, *, #241, .T. ) ;
#2690 = EDGE_CURVE ( 'NONE', #516, #2854, #499, .T. ) ;
#2691 = ADVANCED_FACE ( 'NONE', ( #2088 ), #2414, .T. ) ;
#2692 = ORIENTED_EDGE ( 'NONE', *, *, #3, .T. ) ;
#2693 = CARTESIAN_POINT ( 'NONE',  ( 19.60000000000004050, 22.84661709438346477, 0.0000000000000000000 ) ) ;
#2694 =( GEOMETRIC_REPRESENTATION_CONTEXT ( 3 ) GLOBAL_UNCERTAINTY_ASSIGNED_CONTEXT ( ( #2922 ) ) GLOBAL_UNIT_ASSIGNED_CONTEXT ( ( #2536, #914, #426 ) ) REPRESENTATION_CONTEXT ( 'NONE', 'WORKASPACE' ) );
#2695 = DIRECTION ( 'NONE',  ( 1.000000000000000000, 0.0000000000000000000, 0.0000000000000000000 ) ) ;
#2696 = ORIENTED_EDGE ( 'NONE', *, *, #127, .F. ) ;
#2697 = ORIENTED_EDGE ( 'NONE', *, *, #2832, .F. ) ;
#2698 = CARTESIAN_POINT ( 'NONE',  ( 4.828571428571423851, 12.84661709438346477, 0.0000000000000000000 ) ) ;
#2699 = DIRECTION ( 'NONE',  ( 1.000000000000000000, 0.0000000000000000000, 0.0000000000000000000 ) ) ;
#2700 = CARTESIAN_POINT ( 'NONE',  ( 21.90932847383360382, -1.199999999999999956, 5.000000000000000000 ) ) ;
#2701 = EDGE_LOOP ( 'NONE', ( #3050, #2169, #1927, #337 ) ) ;
#2702 = VECTOR ( 'NONE', #353, 1000.000000000000114 ) ;
#2703 = DIRECTION ( 'NONE',  ( 1.000000000000000000, 0.0000000000000000000, 0.0000000000000000000 ) ) ;
#2704 = EDGE_CURVE ( 'NONE', #711, #832, #282, .T. ) ;
#2705 = DIRECTION ( 'NONE',  ( -0.0000000000000000000, -0.0000000000000000000, 1.000000000000000000 ) ) ;
#2706 = LINE ( 'NONE', #1224, #206 ) ;
#2707 = DATE_AND_TIME ( #1322, #1673 ) ;
#2708 = CARTESIAN_POINT ( 'NONE',  ( 21.17142857142861700, 12.84661709438346300, 0.0000000000000000000 ) ) ;
#2709 = CARTESIAN_POINT ( 'NONE',  ( 13.00000000000000533, 64.84661709438364596, 0.0000000000000000000 ) ) ;
#2710 = FACE_OUTER_BOUND ( 'NONE', #254, .T. ) ;
#2711 = CARTESIAN_POINT ( 'NONE',  ( 13.00000000000000533, 64.84661709438364596, 5.000000000000000000 ) ) ;
#2712 = ORIENTED_EDGE ( 'NONE', *, *, #491, .T. ) ;
#2713 = EDGE_LOOP ( 'NONE', ( #3046, #107, #2939, #410 ) ) ;
#2714 = VECTOR ( 'NONE', #301, 1000.000000000000000 ) ;
#2715 = EDGE_CURVE ( 'NONE', #1371, #325, #767, .T. ) ;
#2716 = DIRECTION ( 'NONE',  ( -0.0000000000000000000, 0.0000000000000000000, 1.000000000000000000 ) ) ;
#2717 = FACE_OUTER_BOUND ( 'NONE', #432, .T. ) ;
#2718 = VERTEX_POINT ( 'NONE', #819 ) ;
#2719 = CARTESIAN_POINT ( 'NONE',  ( 7.971428571428570642, 32.84661709438346833, 0.0000000000000000000 ) ) ;
#2720 = CARTESIAN_POINT ( 'NONE',  ( -21.45932847383360098, -0.5999999999999988676, 0.0000000000000000000 ) ) ;
#2721 = EDGE_LOOP ( 'NONE', ( #756, #455, #2637, #258, #1075, #892, #1840, #2380, #1799, #1076, #771, #193, #1132, #223, #348, #2800, #195, #651, #1624, #796, #279, #755, #2060 ) ) ;
#2722 = LINE ( 'NONE', #2489, #666 ) ;
#2723 = DIRECTION ( 'NONE',  ( 0.0000000000000000000, -1.000000000000000000, 0.0000000000000000000 ) ) ;
#2724 = DIRECTION ( 'NONE',  ( -0.1552378339921333950, -0.9878771254044861339, -0.0000000000000000000 ) ) ;
#2725 = EDGE_LOOP ( 'NONE', ( #1186, #1034, #33, #508 ) ) ;
#2726 = EDGE_CURVE ( 'NONE', #2718, #1844, #1465, .T. ) ;
#2727 = VERTEX_POINT ( 'NONE', #2222 ) ;
#2728 = CARTESIAN_POINT ( 'NONE',  ( 13.00000000000000711, 66.77913568398967925, 5.000000000000000000 ) ) ;
#2729 = ORIENTED_EDGE ( 'NONE', *, *, #632, .F. ) ;
#2730 = CARTESIAN_POINT ( 'NONE',  ( -18.09142857142856897, 32.44661709438346264, 0.0000000000000000000 ) ) ;
#2731 = CARTESIAN_POINT ( 'NONE',  ( -0.05230908407636929852, 2.400000000000003464, 5.000000000000000000 ) ) ;
#2732 = EDGE_LOOP ( 'NONE', ( #583, #2656, #2109, #955 ) ) ;
#2733 = CARTESIAN_POINT ( 'NONE',  ( -6.399999999999996803, 22.84661709438346477, 0.0000000000000000000 ) ) ;
#2734 = EDGE_CURVE ( 'NONE', #2893, #2323, #3037, .T. ) ;
#2735 = ORIENTED_EDGE ( 'NONE', *, *, #2104, .F. ) ;
#2736 = DIRECTION ( 'NONE',  ( 0.0000000000000000000, 0.0000000000000000000, 1.000000000000000000 ) ) ;
#2737 = LINE ( 'NONE', #2752, #1973 ) ;
#2738 = DIRECTION ( 'NONE',  ( -0.9878771254044861339, -0.1552378339921336448, 0.0000000000000000000 ) ) ;
#2739 = FACE_OUTER_BOUND ( 'NONE', #1659, .T. ) ;
#2740 = CALENDAR_DATE ( 2019, 23, 5 ) ;
#2741 = EDGE_CURVE ( 'NONE', #365, #2854, #2631, .T. ) ;
#2742 = FACE_OUTER_BOUND ( 'NONE', #1595, .T. ) ;
#2743 = VERTEX_POINT ( 'NONE', #326 ) ;
#2744 = AXIS2_PLACEMENT_3D ( 'NONE', #606, #2047, #1079 ) ;
#2745 = VERTEX_POINT ( 'NONE', #1042 ) ;
#2746 = VECTOR ( 'NONE', #522, 999.9999999999998863 ) ;
#2747 = DIRECTION ( 'NONE',  ( -0.0000000000000000000, 0.0000000000000000000, 1.000000000000000000 ) ) ;
#2748 = ORIENTED_EDGE ( 'NONE', *, *, #785, .F. ) ;
#2749 = ORIENTED_EDGE ( 'NONE', *, *, #1579, .F. ) ;
#2750 = CARTESIAN_POINT ( 'NONE',  ( -18.09142857142856897, 32.44661709438346264, 5.000000000000000000 ) ) ;
#2751 = CARTESIAN_POINT ( 'NONE',  ( 19.59999999999999432, 22.84661709438346477, 0.0000000000000000000 ) ) ;
#2752 = CARTESIAN_POINT ( 'NONE',  ( -0.6000000000000000888, -1.199999999999999956, 0.0000000000000000000 ) ) ;
#2753 = FACE_OUTER_BOUND ( 'NONE', #1964, .T. ) ;
#2754 = ORIENTED_EDGE ( 'NONE', *, *, #2756, .F. ) ;
#2755 = VECTOR ( 'NONE', #2635, 1000.000000000000000 ) ;
#2756 = EDGE_CURVE ( 'NONE', #1844, #2020, #2263, .T. ) ;
#2757 = DIRECTION ( 'NONE',  ( -7.228014483236695816E-17, 1.000000000000000000, -0.0000000000000000000 ) ) ;
#2758 = VECTOR ( 'NONE', #2111, 1000.000000000000000 ) ;
#2759 = CARTESIAN_POINT ( 'NONE',  ( 24.00000000000000000, -1.199999999999999956, 0.0000000000000000000 ) ) ;
#2760 = PLANE ( 'NONE',  #322 ) ;
#2761 = ORIENTED_EDGE ( 'NONE', *, *, #2629, .T. ) ;
#2762 = DIRECTION ( 'NONE',  ( 0.1552378339921338113, 0.9878771254044860228, 0.0000000000000000000 ) ) ;
#2763 = CARTESIAN_POINT ( 'NONE',  ( -21.23428571428570777, 12.44661709438346087, 0.0000000000000000000 ) ) ;
#2764 = ADVANCED_FACE ( 'NONE', ( #1672 ), #1032, .T. ) ;
#2765 = VERTEX_POINT ( 'NONE', #1262 ) ;
#2766 = PLANE ( 'NONE',  #486 ) ;
#2767 = EDGE_LOOP ( 'NONE', ( #1884, #3028, #358, #1268 ) ) ;
#2768 = AXIS2_PLACEMENT_3D ( 'NONE', #2280, #875, #2762 ) ;
#2769 = CARTESIAN_POINT ( 'NONE',  ( 0.6000000000000000888, -1.199999999999999956, 0.0000000000000000000 ) ) ;
#2770 = CARTESIAN_POINT ( 'NONE',  ( 13.00000000000000533, 64.84661709438364596, 5.000000000000000000 ) ) ;
#2771 = ORIENTED_EDGE ( 'NONE', *, *, #976, .F. ) ;
#2772 = CARTESIAN_POINT ( 'NONE',  ( -19.59999999999999432, 22.84661709438346477, 5.000000000000000000 ) ) ;
#2773 = CARTESIAN_POINT ( 'NONE',  ( -14.88571428571428257, 52.84661709438346833, 5.000000000000000000 ) ) ;
#2774 = ORIENTED_EDGE ( 'NONE', *, *, #1280, .T. ) ;
#2775 = LINE ( 'NONE', #980, #2875 ) ;
#2776 = CARTESIAN_POINT ( 'NONE',  ( 23.06446840054602276, 0.7999999999999971578, 5.000000000000000000 ) ) ;
#2777 = DIRECTION ( 'NONE',  ( -0.9878771254044861339, -0.1552378339921337280, 0.0000000000000000000 ) ) ;
#2778 = DIRECTION ( 'NONE',  ( 0.1552378339921337003, -0.9878771254044860228, 0.0000000000000000000 ) ) ;
#2779 = CARTESIAN_POINT ( 'NONE',  ( -3.600000000000000089, -1.682731355976250009, 0.0000000000000000000 ) ) ;
#2780 = VECTOR ( 'NONE', #226, 1000.000000000000000 ) ;
#2781 = CARTESIAN_POINT ( 'NONE',  ( -9.479999999999996874, 42.44661709438346264, 5.000000000000000000 ) ) ;
#2782 = VERTEX_POINT ( 'NONE', #1974 ) ;
#2783 = CARTESIAN_POINT ( 'NONE',  ( 24.00000000000000000, -1.199999999999999956, 5.000000000000000000 ) ) ;
#2784 = VERTEX_POINT ( 'NONE', #314 ) ;
#2785 = EDGE_CURVE ( 'NONE', #1848, #1315, #1787, .T. ) ;
#2786 = CYLINDRICAL_SURFACE ( 'NONE', #2862, 0.5000000000000004441 ) ;
#2787 = ORIENTED_EDGE ( 'NONE', *, *, #2734, .T. ) ;
#2788 = DIRECTION ( 'NONE',  ( -1.000000000000000000, 1.780507966545111273E-15, 0.0000000000000000000 ) ) ;
#2789 = ORIENTED_EDGE ( 'NONE', *, *, #1900, .T. ) ;
#2790 = FACE_OUTER_BOUND ( 'NONE', #2367, .T. ) ;
#2791 = APPLICATION_PROTOCOL_DEFINITION ( 'international standard', 'config_control_design', 1994, #904 ) ;
#2792 = DIRECTION ( 'NONE',  ( -0.1552378339921336448, 0.9878771254044861339, -0.0000000000000000000 ) ) ;
#2793 = VECTOR ( 'NONE', #184, 1000.000000000000000 ) ;
#2794 = EDGE_CURVE ( 'NONE', #1234, #2985, #1714, .T. ) ;
#2795 = CARTESIAN_POINT ( 'NONE',  ( 22.65932847383360382, -1.199999999999999956, 5.000000000000000000 ) ) ;
#2796 = VECTOR ( 'NONE', #836, 1000.000000000000000 ) ;
#2797 = DIRECTION ( 'NONE',  ( 0.0000000000000000000, 0.0000000000000000000, 1.000000000000000000 ) ) ;
#2798 = CARTESIAN_POINT ( 'NONE',  ( -3.600000000000000089, -1.682731355976250009, 5.000000000000000000 ) ) ;
#2799 = ORIENTED_EDGE ( 'NONE', *, *, #2340, .T. ) ;
#2800 = ORIENTED_EDGE ( 'NONE', *, *, #1589, .F. ) ;
#2801 = CARTESIAN_POINT ( 'NONE',  ( -0.6000000000000000888, -1.682731355976250232, 0.0000000000000000000 ) ) ;
#2802 = AXIS2_PLACEMENT_3D ( 'NONE', #2391, #1929, #1698 ) ;
#2803 = ORIENTED_EDGE ( 'NONE', *, *, #891, .F. ) ;
#2804 = CARTESIAN_POINT ( 'NONE',  ( -16.51999999999999602, 42.44661709438346264, 0.0000000000000000000 ) ) ;
#2805 = ORIENTED_EDGE ( 'NONE', *, *, #1939, .T. ) ;
#2806 = ORIENTED_EDGE ( 'NONE', *, *, #1155, .T. ) ;
#2807 = FACE_OUTER_BOUND ( 'NONE', #2040, .T. ) ;
#2808 = ADVANCED_FACE ( 'NONE', ( #2960 ), #391, .T. ) ;
#2809 = DIRECTION ( 'NONE',  ( -0.0000000000000000000, -0.0000000000000000000, 1.000000000000000000 ) ) ;
#2810 = LINE ( 'NONE', #2553, #55 ) ;
#2811 = EDGE_CURVE ( 'NONE', #974, #1928, #1048, .T. ) ;
#2812 = DIRECTION ( 'NONE',  ( 0.1552378339921338113, 0.9878771254044860228, 0.0000000000000000000 ) ) ;
#2813 = LINE ( 'NONE', #2364, #616 ) ;
#2814 = FACE_OUTER_BOUND ( 'NONE', #1621, .T. ) ;
#2815 = CIRCLE ( 'NONE', #1701, 2.999999999999999112 ) ;
#2816 = EDGE_CURVE ( 'NONE', #1993, #537, #1013, .T. ) ;
#2817 = CARTESIAN_POINT ( 'NONE',  ( -0.6000000000000000888, -1.682731355976250232, 5.000000000000000000 ) ) ;
#2818 = ORIENTED_EDGE ( 'NONE', *, *, #1040, .T. ) ;
#2819 = VECTOR ( 'NONE', #1499, 999.9999999999998863 ) ;
#2820 = DIRECTION ( 'NONE',  ( 0.0000000000000000000, 0.0000000000000000000, 1.000000000000000000 ) ) ;
#2821 = VERTEX_POINT ( 'NONE', #798 ) ;
#2822 = ADVANCED_FACE ( 'NONE', ( #2336 ), #2233, .T. ) ;
#2823 = LINE ( 'NONE', #1012, #816 ) ;
#2824 = ORIENTED_EDGE ( 'NONE', *, *, #1623, .F. ) ;
#2825 = APPROVAL_STATUS ( 'not_yet_approved' ) ;
#2826 = EDGE_LOOP ( 'NONE', ( #1468, #3055, #1747, #122 ) ) ;
#2827 = VECTOR ( 'NONE', #2183, 1000.000000000000000 ) ;
#2828 = DIRECTION ( 'NONE',  ( 0.0000000000000000000, -0.0000000000000000000, 1.000000000000000000 ) ) ;
#2829 = DIRECTION ( 'NONE',  ( 0.0000000000000000000, -1.000000000000000000, 0.0000000000000000000 ) ) ;
#2830 = DIRECTION ( 'NONE',  ( 0.0000000000000000000, 0.0000000000000000000, 1.000000000000000000 ) ) ;
#2831 = FACE_OUTER_BOUND ( 'NONE', #1776, .T. ) ;
#2832 = EDGE_CURVE ( 'NONE', #1378, #1214, #1571, .T. ) ;
#2833 = DIRECTION ( 'NONE',  ( -0.1552378339921333950, -0.9878771254044861339, -0.0000000000000000000 ) ) ;
#2834 = EDGE_LOOP ( 'NONE', ( #3023, #1393, #2445, #1563 ) ) ;
#2835 = DIRECTION ( 'NONE',  ( -0.1552378339921336448, 0.9878771254044861339, -0.0000000000000000000 ) ) ;
#2836 = VERTEX_POINT ( 'NONE', #345 ) ;
#2837 = ORIENTED_EDGE ( 'NONE', *, *, #1520, .T. ) ;
#2838 = DIRECTION ( 'NONE',  ( 0.0000000000000000000, 1.000000000000000000, -0.0000000000000000000 ) ) ;
#2839 = EDGE_CURVE ( 'NONE', #625, #1892, #728, .T. ) ;
#2840 = CARTESIAN_POINT ( 'NONE',  ( -21.23428571428571132, 12.44661709438345909, 0.0000000000000000000 ) ) ;
#2841 = ORIENTED_EDGE ( 'NONE', *, *, #898, .T. ) ;
#2842 = APPROVAL ( #1874, 'UNSPECIFIED' ) ;
#2843 = ORIENTED_EDGE ( 'NONE', *, *, #2947, .T. ) ;
#2844 = FACE_OUTER_BOUND ( 'NONE', #1626, .T. ) ;
#2845 = AXIS2_PLACEMENT_3D ( 'NONE', #2420, #782, #2434 ) ;
#2846 = MECHANICAL_CONTEXT ( 'NONE', #904, 'mechanical' ) ;
#2847 = DIRECTION ( 'NONE',  ( 0.1552378339921334505, -0.9878771254044861339, 0.0000000000000000000 ) ) ;
#2848 = CARTESIAN_POINT ( 'NONE',  ( 21.23428571428571132, 12.44661709438345909, 0.0000000000000000000 ) ) ;
#2849 = ADVANCED_FACE ( 'NONE', ( #2674, #2374, #1356, #1753, #2338, #579, #1206, #1575, #1018, #876, #3001, #1289, #1171, #320, #97, #249 ), #615, .F. ) ;
#2850 = VERTEX_POINT ( 'NONE', #1340 ) ;
#2851 = DIRECTION ( 'NONE',  ( -0.2913043449262716078, -0.9566304294904462990, 0.0000000000000000000 ) ) ;
#2852 = VECTOR ( 'NONE', #390, 999.9999999999998863 ) ;
#2853 = ORIENTED_EDGE ( 'NONE', *, *, #2483, .T. ) ;
#2854 = VERTEX_POINT ( 'NONE', #130 ) ;
#2855 = EDGE_LOOP ( 'NONE', ( #1203, #542, #1612, #504 ) ) ;
#2856 = EDGE_CURVE ( 'NONE', #928, #382, #1981, .T. ) ;
#2857 = DIRECTION ( 'NONE',  ( 0.0000000000000000000, 0.0000000000000000000, 1.000000000000000000 ) ) ;
#2858 = LINE ( 'NONE', #2883, #2311 ) ;
#2859 = VERTEX_POINT ( 'NONE', #2486 ) ;
#2860 = DIRECTION ( 'NONE',  ( -1.000000000000000000, 7.228014483236695816E-17, 0.0000000000000000000 ) ) ;
#2861 = LINE ( 'NONE', #2817, #2467 ) ;
#2862 = AXIS2_PLACEMENT_3D ( 'NONE', #280, #2863, #52 ) ;
#2863 = DIRECTION ( 'NONE',  ( 0.0000000000000000000, 0.0000000000000000000, -1.000000000000000000 ) ) ;
#2864 = LINE ( 'NONE', #2983, #2279 ) ;
#2865 = ORIENTED_EDGE ( 'NONE', *, *, #49, .F. ) ;
#2866 = DIRECTION ( 'NONE',  ( -0.1552378339921336448, 0.9878771254044861339, -0.0000000000000000000 ) ) ;
#2867 = VERTEX_POINT ( 'NONE', #2981 ) ;
#2868 = EDGE_CURVE ( 'NONE', #1692, #1772, #470, .T. ) ;
#2869 = ORIENTED_EDGE ( 'NONE', *, *, #1310, .T. ) ;
#2870 = DIRECTION ( 'NONE',  ( 0.1552378339921338113, 0.9878771254044860228, 0.0000000000000000000 ) ) ;
#2871 = VERTEX_POINT ( 'NONE', #140 ) ;
#2872 = CARTESIAN_POINT ( 'NONE',  ( 0.6000000000000000888, -1.682731355976250232, 0.0000000000000000000 ) ) ;
#2873 = ORIENTED_EDGE ( 'NONE', *, *, #572, .T. ) ;
#2874 = DIRECTION ( 'NONE',  ( 0.0000000000000000000, 0.0000000000000000000, 1.000000000000000000 ) ) ;
#2875 = VECTOR ( 'NONE', #1474, 1000.000000000000000 ) ;
#2876 = CARTESIAN_POINT ( 'NONE',  ( 2.935531599453983009, 0.8000000000000022649, 0.0000000000000000000 ) ) ;
#2877 = EDGE_CURVE ( 'NONE', #2559, #321, #2378, .T. ) ;
#2878 = DIRECTION ( 'NONE',  ( 0.1552378339921336170, -0.9878771254044860228, 0.0000000000000000000 ) ) ;
#2879 = LINE ( 'NONE', #1402, #613 ) ;
#2880 = DIRECTION ( 'NONE',  ( 0.9878771254044861339, -0.1552378339921338390, 0.0000000000000000000 ) ) ;
#2881 = LINE ( 'NONE', #7, #352 ) ;
#2882 = PERSON_AND_ORGANIZATION ( #2405, #25 ) ;
#2883 = CARTESIAN_POINT ( 'NONE',  ( 23.19018268626030732, -2.427226307507445737E-18, 0.0000000000000000000 ) ) ;
#2884 = EDGE_CURVE ( 'NONE', #658, #2219, #173, .T. ) ;
#2885 = DIRECTION ( 'NONE',  ( -0.1552378339921337003, 0.9878771254044860228, 0.0000000000000000000 ) ) ;
#2886 = DIRECTION ( 'NONE',  ( -0.0000000000000000000, -0.0000000000000000000, 1.000000000000000000 ) ) ;
#2887 = LINE ( 'NONE', #846, #2018 ) ;
#2888 = VECTOR ( 'NONE', #2949, 1000.000000000000000 ) ;
#2889 = CARTESIAN_POINT ( 'NONE',  ( 7.971428571428570642, 32.84661709438346833, 5.000000000000000000 ) ) ;
#2890 = ORIENTED_EDGE ( 'NONE', *, *, #1155, .F. ) ;
#2891 = EDGE_LOOP ( 'NONE', ( #2627, #791, #2735, #1290 ) ) ;
#2892 = VECTOR ( 'NONE', #567, 999.9999999999998863 ) ;
#2893 = VERTEX_POINT ( 'NONE', #158 ) ;
#2894 = VECTOR ( 'NONE', #1115, 1000.000000000000000 ) ;
#2895 = ORIENTED_EDGE ( 'NONE', *, *, #3020, .F. ) ;
#2896 = EDGE_CURVE ( 'NONE', #420, #2989, #653, .T. ) ;
#2897 = CARTESIAN_POINT ( 'NONE',  ( 24.00000000000000000, 1.383787393197646916E-15, 5.000000000000000000 ) ) ;
#2898 = VERTEX_POINT ( 'NONE', #2262 ) ;
#2899 = VECTOR ( 'NONE', #1198, 1000.000000000000000 ) ;
#2900 = DIRECTION ( 'NONE',  ( 0.0000000000000000000, 0.0000000000000000000, 1.000000000000000000 ) ) ;
#2901 = CARTESIAN_POINT ( 'NONE',  ( 9.757630380802554626, -47.97130431824797370, 0.0000000000000000000 ) ) ;
#2902 = AXIS2_PLACEMENT_3D ( 'NONE', #2240, #2036, #1582 ) ;
#2903 = DIRECTION ( 'NONE',  ( -1.000000000000000000, 0.0000000000000000000, 0.0000000000000000000 ) ) ;
#2904 = LINE ( 'NONE', #2349, #708 ) ;
#2905 = AXIS2_PLACEMENT_3D ( 'NONE', #405, #1059, #794 ) ;
#2906 = DIRECTION ( 'NONE',  ( 0.0000000000000000000, 0.0000000000000000000, 1.000000000000000000 ) ) ;
#2907 = ORIENTED_EDGE ( 'NONE', *, *, #614, .F. ) ;
#2908 = ORIENTED_EDGE ( 'NONE', *, *, #375, .T. ) ;
#2909 = DIRECTION ( 'NONE',  ( 0.0000000000000000000, 0.0000000000000000000, 1.000000000000000000 ) ) ;
#2910 = EDGE_CURVE ( 'NONE', #436, #2106, #2815, .T. ) ;
#2911 = ORIENTED_EDGE ( 'NONE', *, *, #2321, .T. ) ;
#2912 = DIRECTION ( 'NONE',  ( 1.000000000000000000, 0.0000000000000000000, 0.0000000000000000000 ) ) ;
#2913 = DIRECTION ( 'NONE',  ( 1.000000000000000000, 0.0000000000000000000, 0.0000000000000000000 ) ) ;
#2914 = VERTEX_POINT ( 'NONE', #2027 ) ;
#2915 = ORIENTED_EDGE ( 'NONE', *, *, #2987, .F. ) ;
#2916 = LINE ( 'NONE', #2804, #166 ) ;
#2917 = DIRECTION ( 'NONE',  ( 0.0000000000000000000, -0.0000000000000000000, -1.000000000000000000 ) ) ;
#2918 = CARTESIAN_POINT ( 'NONE',  ( -19.66285714285713837, 22.44661709438346264, 5.000000000000000000 ) ) ;
#2919 = AXIS2_PLACEMENT_3D ( 'NONE', #2299, #2267, #896 ) ;
#2920 = CARTESIAN_POINT ( 'NONE',  ( 2.935531599453983009, 0.8000000000000022649, 5.000000000000000000 ) ) ;
#2921 = DIRECTION ( 'NONE',  ( -0.0000000000000000000, -0.0000000000000000000, 1.000000000000000000 ) ) ;
#2922 = UNCERTAINTY_MEASURE_WITH_UNIT (LENGTH_MEASURE( 1.000000000000000082E-05 ), #2536, 'distance_accuracy_value', 'NONE');
#2923 = VECTOR ( 'NONE', #964, 999.9999999999998863 ) ;
#2924 = COORDINATED_UNIVERSAL_TIME_OFFSET ( 1, 0, .AHEAD. ) ;
#2925 = ORIENTED_EDGE ( 'NONE', *, *, #948, .T. ) ;
#2926 = ORIENTED_EDGE ( 'NONE', *, *, #19, .F. ) ;
#2927 = VECTOR ( 'NONE', #2032, 1000.000000000000000 ) ;
#2928 = ORIENTED_EDGE ( 'NONE', *, *, #2715, .F. ) ;
#2929 = ORIENTED_EDGE ( 'NONE', *, *, #3039, .T. ) ;
#2930 = DIRECTION ( 'NONE',  ( 0.0000000000000000000, -1.000000000000000000, 0.0000000000000000000 ) ) ;
#2931 = ADVANCED_FACE ( 'NONE', ( #1790 ), #1330, .T. ) ;
#2932 = LINE ( 'NONE', #2655, #697 ) ;
#2933 = ORIENTED_EDGE ( 'NONE', *, *, #2877, .T. ) ;
#2934 = DIRECTION ( 'NONE',  ( -0.0000000000000000000, -0.0000000000000000000, 1.000000000000000000 ) ) ;
#2935 = VECTOR ( 'NONE', #1646, 1000.000000000000227 ) ;
#2936 = FACE_OUTER_BOUND ( 'NONE', #1054, .T. ) ;
#2937 = EDGE_CURVE ( 'NONE', #1477, #1743, #1426, .T. ) ;
#2938 = DIRECTION ( 'NONE',  ( -0.1552378339921337003, 0.9878771254044860228, 0.0000000000000000000 ) ) ;
#2939 = ORIENTED_EDGE ( 'NONE', *, *, #1221, .F. ) ;
#2940 = CARTESIAN_POINT ( 'NONE',  ( -9.479999999999996874, 42.44661709438346264, 0.0000000000000000000 ) ) ;
#2941 = DIRECTION ( 'NONE',  ( 1.000000000000000000, 0.0000000000000000000, 0.0000000000000000000 ) ) ;
#2942 = ORIENTED_EDGE ( 'NONE', *, *, #1310, .F. ) ;
#2943 = DIRECTION ( 'NONE',  ( 0.9878771254044861339, -0.1552378339921333672, 0.0000000000000000000 ) ) ;
#2944 = CARTESIAN_POINT ( 'NONE',  ( 5.510910596163089556E-15, -45.00000000000000000, 0.0000000000000000000 ) ) ;
#2945 = ADVANCED_FACE ( 'NONE', ( #2997 ), #2524, .F. ) ;
#2946 = ORIENTED_EDGE ( 'NONE', *, *, #139, .F. ) ;
#2947 = EDGE_CURVE ( 'NONE', #3042, #2859, #951, .T. ) ;
#2948 = ORIENTED_EDGE ( 'NONE', *, *, #2523, .F. ) ;
#2949 = DIRECTION ( 'NONE',  ( 0.0000000000000000000, 0.0000000000000000000, 1.000000000000000000 ) ) ;
#2950 = DIRECTION ( 'NONE',  ( -0.0000000000000000000, 0.0000000000000000000, 1.000000000000000000 ) ) ;
#2951 = DIRECTION ( 'NONE',  ( 0.0000000000000000000, 0.0000000000000000000, 1.000000000000000000 ) ) ;
#2952 = VERTEX_POINT ( 'NONE', #1101 ) ;
#2953 = LINE ( 'NONE', #1963, #1930 ) ;
#2954 = DIRECTION ( 'NONE',  ( 0.0000000000000000000, 0.0000000000000000000, 1.000000000000000000 ) ) ;
#2955 = DIRECTION ( 'NONE',  ( 0.1552378339921337003, -0.9878771254044860228, 0.0000000000000000000 ) ) ;
#2956 = VECTOR ( 'NONE', #2425, 1000.000000000000000 ) ;
#2957 = CARTESIAN_POINT ( 'NONE',  ( 3.600000000000000089, -1.682731355976250009, 0.0000000000000000000 ) ) ;
#2958 = AXIS2_PLACEMENT_3D ( 'NONE', #336, #1303, #2424 ) ;
#2959 = ADVANCED_FACE ( 'NONE', ( #2526 ), #1396, .T. ) ;
#2960 = FACE_OUTER_BOUND ( 'NONE', #1943, .T. ) ;
#2961 = AXIS2_PLACEMENT_3D ( 'NONE', #2007, #388, #1532 ) ;
#2962 = DIRECTION ( 'NONE',  ( -0.9878771254044861339, -0.1552378339921337280, 0.0000000000000000000 ) ) ;
#2963 = CIRCLE ( 'NONE', #941, 10.19999999999999751 ) ;
#2964 = CIRCLE ( 'NONE', #748, 9.000000000000000000 ) ;
#2965 = EDGE_LOOP ( 'NONE', ( #1362, #2320, #2570, #1487 ) ) ;
#2966 = DIRECTION ( 'NONE',  ( 1.000000000000000000, 0.0000000000000000000, 0.0000000000000000000 ) ) ;
#2967 = LINE ( 'NONE', #2051, #2058 ) ;
#2968 = EDGE_LOOP ( 'NONE', ( #885, #250, #2697, #234, #2221, #1518, #1496, #27, #1907, #913, #3009, #2661, #1666, #2666, #1435, #2422, #2515, #1538, #1056, #2929, #1252, #2982, #747 ) ) ;
#2969 = EDGE_CURVE ( 'NONE', #1007, #2893, #2676, .T. ) ;
#2970 = LINE ( 'NONE', #2560, #2935 ) ;
#2971 = CARTESIAN_POINT ( 'NONE',  ( 5.510910596163089556E-15, -45.00000000000000000, 0.0000000000000000000 ) ) ;
#2972 = DIRECTION ( 'NONE',  ( 0.0000000000000000000, 0.0000000000000000000, 1.000000000000000000 ) ) ;
#2973 = ORIENTED_EDGE ( 'NONE', *, *, #2220, .F. ) ;
#2974 = LINE ( 'NONE', #1502, #1334 ) ;
#2975 = DIRECTION ( 'NONE',  ( 0.0000000000000000000, -0.0000000000000000000, -1.000000000000000000 ) ) ;
#2976 = DIRECTION ( 'NONE',  ( 0.0000000000000000000, 0.0000000000000000000, 1.000000000000000000 ) ) ;
#2977 = ADVANCED_FACE ( 'NONE', ( #2602 ), #207, .T. ) ;
#2978 = LINE ( 'NONE', #2581, #1191 ) ;
#2979 = ORIENTED_EDGE ( 'NONE', *, *, #2884, .F. ) ;
#2980 = AXIS2_PLACEMENT_3D ( 'NONE', #2622, #820, #1975 ) ;
#2981 = CARTESIAN_POINT ( 'NONE',  ( 7.971428571428570642, 32.84661709438346833, 5.000000000000000000 ) ) ;
#2982 = ORIENTED_EDGE ( 'NONE', *, *, #2321, .F. ) ;
#2983 = CARTESIAN_POINT ( 'NONE',  ( -23.19018268626025048, -2.495874921891080997E-15, 5.000000000000000000 ) ) ;
#2984 = CARTESIAN_POINT ( 'NONE',  ( 21.90932847383360382, -1.199999999999999956, 0.0000000000000000000 ) ) ;
#2985 = VERTEX_POINT ( 'NONE', #2284 ) ;
#2986 = DIRECTION ( 'NONE',  ( -0.1552378339921338390, -0.9878771254044861339, 0.0000000000000000000 ) ) ;
#2987 = EDGE_CURVE ( 'NONE', #2020, #2745, #169, .T. ) ;
#2988 = ORIENTED_EDGE ( 'NONE', *, *, #19, .T. ) ;
#2989 = VERTEX_POINT ( 'NONE', #1609 ) ;
#2990 = DIRECTION ( 'NONE',  ( 1.000000000000000000, 7.228014483236695816E-17, -0.0000000000000000000 ) ) ;
#2991 = FACE_OUTER_BOUND ( 'NONE', #2102, .T. ) ;
#2992 = CARTESIAN_POINT ( 'NONE',  ( -13.00000000000000178, 64.84661709438347543, 5.000000000000000000 ) ) ;
#2993 = PLANE ( 'NONE',  #1244 ) ;
#2994 = DIRECTION ( 'NONE',  ( 1.508160174060822443E-16, 1.000000000000000000, -0.0000000000000000000 ) ) ;
#2995 = PLANE ( 'NONE',  #2516 ) ;
#2996 = CARTESIAN_POINT ( 'NONE',  ( 6.337142857142852748, 22.44661709438346264, 0.0000000000000000000 ) ) ;
#2997 = FACE_OUTER_BOUND ( 'NONE', #1657, .T. ) ;
#2998 = EDGE_CURVE ( 'NONE', #2989, #420, #2964, .T. ) ;
#2999 = DIRECTION ( 'NONE',  ( -0.0000000000000000000, 0.0000000000000000000, -1.000000000000000000 ) ) ;
#3000 = LINE ( 'NONE', #1778, #2675 ) ;
#3001 = FACE_BOUND ( 'NONE', #520, .T. ) ;
#3002 = VERTEX_POINT ( 'NONE', #199 ) ;
#3003 = CC_DESIGN_APPROVAL ( #1110, ( #2124 ) ) ;
#3004 = DIRECTION ( 'NONE',  ( 1.000000000000000000, 0.0000000000000000000, 0.0000000000000000000 ) ) ;
#3005 = CYLINDRICAL_SURFACE ( 'NONE', #306, 10.20000000000000107 ) ;
#3006 = AXIS2_PLACEMENT_3D ( 'NONE', #1154, #1366, #674 ) ;
#3007 = DIRECTION ( 'NONE',  ( 0.0000000000000000000, 0.0000000000000000000, 1.000000000000000000 ) ) ;
#3008 = ORIENTED_EDGE ( 'NONE', *, *, #1473, .T. ) ;
#3009 = ORIENTED_EDGE ( 'NONE', *, *, #1230, .T. ) ;
#3010 = CARTESIAN_POINT ( 'NONE',  ( 23.06446840054602276, 0.7999999999999971578, 0.0000000000000000000 ) ) ;
#3011 = DIRECTION ( 'NONE',  ( -7.228014483236695816E-17, -1.000000000000000000, 0.0000000000000000000 ) ) ;
#3012 = LINE ( 'NONE', #1026, #989 ) ;
#3013 = ORIENTED_EDGE ( 'NONE', *, *, #821, .F. ) ;
#3014 = ADVANCED_FACE ( 'NONE', ( #804 ), #1825, .T. ) ;
#3015 = DIRECTION ( 'NONE',  ( 1.000000000000000000, 0.0000000000000000000, 0.0000000000000000000 ) ) ;
#3016 = VECTOR ( 'NONE', #2423, 1000.000000000000000 ) ;
#3017 = PLANE ( 'NONE',  #2375 ) ;
#3018 = VERTEX_POINT ( 'NONE', #1591 ) ;
#3019 = PLANE ( 'NONE',  #667 ) ;
#3020 = EDGE_CURVE ( 'NONE', #2914, #479, #576, .T. ) ;
#3021 = EDGE_CURVE ( 'NONE', #2318, #1892, #1978, .T. ) ;
#3022 = DIRECTION ( 'NONE',  ( 0.0000000000000000000, 0.0000000000000000000, 1.000000000000000000 ) ) ;
#3023 = ORIENTED_EDGE ( 'NONE', *, *, #150, .F. ) ;
#3024 = DIRECTION ( 'NONE',  ( -0.0000000000000000000, -0.0000000000000000000, 1.000000000000000000 ) ) ;
#3025 = EDGE_LOOP ( 'NONE', ( #414, #1694, #1116, #1576, #1044, #1908, #2948, #146, #2429, #1385, #2256, #552, #1236 ) ) ;
#3026 = AXIS2_PLACEMENT_3D ( 'NONE', #1455, #2630, #287 ) ;
#3027 = DIRECTION ( 'NONE',  ( -0.1552378339921337003, 0.9878771254044860228, 0.0000000000000000000 ) ) ;
#3028 = ORIENTED_EDGE ( 'NONE', *, *, #2011, .F. ) ;
#3029 = CARTESIAN_POINT ( 'NONE',  ( 13.00000000000000533, 70.00000000000000000, 5.000000000000000000 ) ) ;
#3030 = ORIENTED_EDGE ( 'NONE', *, *, #602, .F. ) ;
#3031 = LINE ( 'NONE', #278, #1386 ) ;
#3032 = EDGE_CURVE ( 'NONE', #1425, #753, #540, .T. ) ;
#3033 = CARTESIAN_POINT ( 'NONE',  ( 21.17142857142857082, 12.84661709438346477, 5.000000000000000000 ) ) ;
#3034 = LINE ( 'NONE', #1143, #1896 ) ;
#3035 = CARTESIAN_POINT ( 'NONE',  ( 23.19018268626030732, -2.427226307507445737E-18, 5.000000000000000000 ) ) ;
#3036 = DIRECTION ( 'NONE',  ( 0.0000000000000000000, 1.000000000000000000, 0.0000000000000000000 ) ) ;
#3037 = LINE ( 'NONE', #1736, #1936 ) ;
#3038 = DIRECTION ( 'NONE',  ( 0.0000000000000000000, 0.0000000000000000000, 1.000000000000000000 ) ) ;
#3039 = EDGE_CURVE ( 'NONE', #2610, #43, #1209, .T. ) ;
#3040 = LINE ( 'NONE', #3033, #1170 ) ;
#3041 = ORIENTED_EDGE ( 'NONE', *, *, #2563, .F. ) ;
#3042 = VERTEX_POINT ( 'NONE', #1111 ) ;
#3043 = APPROVAL_ROLE ( '' ) ;
#3044 = DIRECTION ( 'NONE',  ( -0.0000000000000000000, 0.0000000000000000000, 1.000000000000000000 ) ) ;
#3045 = VECTOR ( 'NONE', #2972, 1000.000000000000000 ) ;
#3046 = ORIENTED_EDGE ( 'NONE', *, *, #211, .F. ) ;
#3047 = CARTESIAN_POINT ( 'NONE',  ( 24.00000000000000000, 1.383787393197646916E-15, 5.000000000000000000 ) ) ;
#3048 = EDGE_CURVE ( 'NONE', #1197, #2398, #1827, .T. ) ;
#3049 = CARTESIAN_POINT ( 'NONE',  ( 24.00000000000000000, 1.383787393197646916E-15, 5.000000000000000000 ) ) ;
#3050 = ORIENTED_EDGE ( 'NONE', *, *, #1675, .F. ) ;
#3051 = FACE_OUTER_BOUND ( 'NONE', #47, .T. ) ;
#3052 = ORIENTED_EDGE ( 'NONE', *, *, #987, .T. ) ;
#3053 = CARTESIAN_POINT ( 'NONE',  ( -19.66285714285713837, 22.44661709438346264, 0.0000000000000000000 ) ) ;
#3054 = LINE ( 'NONE', #528, #705 ) ;
#3055 = ORIENTED_EDGE ( 'NONE', *, *, #2643, .F. ) ;
ENDSEC;
END-ISO-10303-21;
